fileName,edge,gray,haralick,Class
frame (1).npy,"[[0 0 0 ... 0 0 0]
 [0 0 0 ... 0 0 0]
 [0 0 0 ... 0 0 0]
 ...
 [0 0 0 ... 0 0 0]
 [0 0 0 ... 0 0 0]
 [0 0 0 ... 0 0 0]]","[[37 37 36 ... 31 31 31]
 [37 37 36 ... 31 31 31]
 [36 36 36 ... 32 31 31]
 ...
 [37 37 36 ... 33 33 33]
 [37 36 36 ... 33 34 34]
 [37 37 36 ... 33 34 34]]","[ 8.99209806e-03  1.70827844e+02  9.89679209e-01  8.27864931e+03
  5.42677620e-01  2.23816618e+02  3.29437694e+04  7.71253352e+00
  1.00482146e+01  9.00376771e-04  3.20458572e+00 -5.18852012e-01
  9.99463359e-01]",black
frame (10).npy,"[[0 0 0 ... 0 0 0]
 [0 0 0 ... 0 0 0]
 [0 0 0 ... 0 0 0]
 ...
 [0 0 0 ... 0 0 0]
 [0 0 0 ... 0 0 0]
 [0 0 0 ... 0 0 0]]","[[30 30 30 ... 30 30 30]
 [30 30 30 ... 30 30 30]
 [30 30 30 ... 30 30 30]
 ...
 [36 36 35 ... 31 31 31]
 [35 35 35 ... 31 31 31]
 [35 35 35 ... 31 31 31]]","[ 8.12792409e-03  1.71905063e+02  9.89546805e-01  8.22536181e+03
  5.43192881e-01  2.19286322e+02  3.27295422e+04  7.81549782e+00
  1.01226516e+01  9.06227797e-04  3.17674276e+00 -5.28628978e-01
  9.99579076e-01]",black
frame (11).npy,"[[0 0 0 ... 0 0 0]
 [0 0 0 ... 0 0 0]
 [0 0 0 ... 0 0 0]
 ...
 [0 0 0 ... 0 0 0]
 [0 0 0 ... 0 0 0]
 [0 0 0 ... 0 0 0]]","[[29 29 29 ... 30 30 30]
 [29 29 30 ... 30 30 30]
 [29 29 29 ... 30 30 30]
 ...
 [35 35 35 ... 30 30 30]
 [35 35 35 ... 30 30 30]
 [35 35 35 ... 30 30 30]]","[ 8.22761223e-03  1.71736136e+02  9.89561959e-01  8.22919052e+03
  5.43102843e-01  2.19383103e+02  3.27450260e+04  7.81342187e+00
  1.01229770e+01  9.05101100e-04  3.18057000e+00 -5.28389332e-01
  9.99578310e-01]",black
frame (12).npy,"[[0 0 0 ... 0 0 0]
 [0 0 0 ... 0 0 0]
 [0 0 0 ... 0 0 0]
 ...
 [0 0 0 ... 0 0 0]
 [0 0 0 ... 0 0 0]
 [0 0 0 ... 0 0 0]]","[[33 33 33 ... 29 30 30]
 [33 33 33 ... 29 30 30]
 [33 33 33 ... 30 30 30]
 ...
 [34 34 34 ... 32 32 32]
 [34 34 33 ... 32 32 32]
 [34 34 33 ... 32 32 32]]","[ 8.55448719e-03  1.75457595e+02  9.89330456e-01  8.22507523e+03
  5.44208454e-01  2.19397813e+02  3.27248433e+04  7.76444304e+00
  1.00947867e+01  9.04369165e-04  3.20278620e+00 -5.22832864e-01
  9.99516474e-01]",black
frame (13).npy,"[[0 0 0 ... 0 0 0]
 [0 0 0 ... 0 0 0]
 [0 0 0 ... 0 0 0]
 ...
 [0 0 0 ... 0 0 0]
 [0 0 0 ... 0 0 0]
 [0 0 0 ... 0 0 0]]","[[36 36 35 ... 29 29 29]
 [36 36 35 ... 29 29 29]
 [36 36 35 ... 30 29 29]
 ...
 [35 35 36 ... 29 29 29]
 [36 36 36 ... 29 30 30]
 [36 36 36 ... 29 30 30]]","[ 8.23414421e-03  1.72344853e+02  9.89528603e-01  8.23205712e+03
  5.43325089e-01  2.19285081e+02  3.27558836e+04  7.78135059e+00
  1.01030516e+01  9.03961494e-04  3.18865080e+00 -5.24754460e-01
  9.99541922e-01]",black
frame (14).npy,"[[0 0 0 ... 0 0 0]
 [0 0 0 ... 0 0 0]
 [0 0 0 ... 0 0 0]
 ...
 [0 0 0 ... 0 0 0]
 [0 0 0 ... 0 0 0]
 [0 0 0 ... 0 0 0]]","[[33 33 33 ... 27 28 28]
 [33 33 33 ... 28 28 28]
 [33 33 33 ... 28 28 28]
 ...
 [33 33 33 ... 31 31 31]
 [33 33 33 ... 31 31 31]
 [33 33 33 ... 31 31 31]]","[ 8.82752368e-03  1.72984425e+02  9.89490940e-01  8.23300078e+03
  5.44834414e-01  2.19277352e+02  3.27590187e+04  7.75136242e+00
  1.00681716e+01  9.07743203e-04  3.18779176e+00 -5.23895565e-01
  9.99520792e-01]",black
frame (15).npy,"[[0 0 0 ... 0 0 0]
 [0 0 0 ... 0 0 0]
 [0 0 0 ... 0 0 0]
 ...
 [0 0 0 ... 0 0 0]
 [0 0 0 ... 0 0 0]
 [0 0 0 ... 0 0 0]]","[[32 32 32 ... 30 30 30]
 [32 32 32 ... 30 30 30]
 [32 32 32 ... 30 30 30]
 ...
 [35 35 35 ... 28 28 28]
 [35 35 35 ... 28 28 28]
 [35 35 35 ... 28 28 28]]","[ 8.17938793e-03  1.67768771e+02  9.89830371e-01  8.25126360e+03
  5.40052517e-01  2.23596834e+02  3.28372856e+04  7.80988560e+00
  1.01235163e+01  8.94603194e-04  3.18466314e+00 -5.27793731e-01
  9.99574725e-01]",black
frame (16).npy,"[[0 0 0 ... 0 0 0]
 [0 0 0 ... 0 0 0]
 [0 0 0 ... 0 0 0]
 ...
 [0 0 0 ... 0 0 0]
 [0 0 0 ... 0 0 0]
 [0 0 0 ... 0 0 0]]","[[28 28 29 ... 33 33 33]
 [28 28 29 ... 33 33 33]
 [28 28 29 ... 33 33 33]
 ...
 [32 32 32 ... 37 36 36]
 [32 32 32 ... 37 37 37]
 [32 32 32 ... 37 37 37]]","[ 8.08674959e-03  1.74883058e+02  9.89346327e-01  8.21040804e+03
  5.40422693e-01  2.19650426e+02  3.26667491e+04  7.82917246e+00
  1.01672967e+01  8.95401612e-04  3.20716230e+00 -5.25329216e-01
  9.99561781e-01]",black
frame (17).npy,"[[0 0 0 ... 0 0 0]
 [0 0 0 ... 0 0 0]
 [0 0 0 ... 0 0 0]
 ...
 [0 0 0 ... 0 0 0]
 [0 0 0 ... 0 0 0]
 [0 0 0 ... 0 0 0]]","[[28 28 28 ... 45 46 46]
 [28 28 28 ... 45 46 46]
 [28 28 28 ... 45 46 46]
 ...
 [28 28 28 ... 45 46 46]
 [28 28 28 ... 45 46 46]
 [28 28 28 ... 45 46 46]]","[ 8.90999687e-03  1.71418366e+02  9.89534508e-01  8.19243305e+03
  5.54741056e-01  2.19986921e+02  3.25983139e+04  7.74877978e+00
  1.00000017e+01  9.38723133e-04  3.14188884e+00 -5.33741166e-01
  9.99580878e-01]",black
frame (18).npy,"[[0 0 0 ... 0 0 0]
 [0 0 0 ... 0 0 0]
 [0 0 0 ... 0 0 0]
 ...
 [0 0 0 ... 0 0 0]
 [0 0 0 ... 0 0 0]
 [0 0 0 ... 0 0 0]]","[[29 29 28 ... 44 45 45]
 [29 29 28 ... 44 45 45]
 [29 29 29 ... 44 45 45]
 ...
 [29 29 29 ... 44 45 45]
 [29 29 29 ... 44 45 45]
 [29 29 29 ... 44 45 45]]","[ 8.89765526e-03  1.71313960e+02  9.89544330e-01  8.19512750e+03
  5.52329554e-01  2.20024277e+02  3.26091961e+04  7.74832914e+00
  1.00100080e+01  9.31571364e-04  3.14980192e+00 -5.32064656e-01
  9.99570472e-01]",black
frame (19).npy,"[[0 0 0 ... 0 0 0]
 [0 0 0 ... 0 0 0]
 [0 0 0 ... 0 0 0]
 ...
 [0 0 0 ... 0 0 0]
 [0 0 0 ... 0 0 0]
 [0 0 0 ... 0 0 0]]","[[30 30 30 ... 26 26 26]
 [30 30 30 ... 26 26 26]
 [30 30 30 ... 26 26 26]
 ...
 [37 37 37 ... 26 26 26]
 [37 37 37 ... 26 26 26]
 [37 37 37 ... 26 26 26]]","[ 8.52448470e-03  1.72931387e+02  9.89475562e-01  8.21842698e+03
  5.47410970e-01  2.19755048e+02  3.27007765e+04  7.78275683e+00
  1.00658849e+01  9.17241330e-04  3.16720521e+00 -5.30546245e-01
  9.99576098e-01]",black
frame (2).npy,"[[0 0 0 ... 0 0 0]
 [0 0 0 ... 0 0 0]
 [0 0 0 ... 0 0 0]
 ...
 [0 0 0 ... 0 0 0]
 [0 0 0 ... 0 0 0]
 [0 0 0 ... 0 0 0]]","[[33 33 33 ... 31 31 31]
 [33 33 33 ... 31 31 31]
 [33 33 33 ... 31 31 31]
 ...
 [39 39 39 ... 31 31 31]
 [39 39 39 ... 31 31 31]
 [39 39 39 ... 31 31 31]]","[ 9.04356397e-03  1.69730059e+02  9.89669448e-01  8.21774400e+03
  5.50575328e-01  2.19677632e+02  3.27012459e+04  7.72857924e+00
  1.00115073e+01  9.25334332e-04  3.15802240e+00 -5.27529018e-01
  9.99533509e-01]",black
frame (20).npy,"[[0 0 0 ... 0 0 0]
 [0 0 0 ... 0 0 0]
 [0 0 0 ... 0 0 0]
 ...
 [0 0 0 ... 0 0 0]
 [0 0 0 ... 0 0 0]
 [0 0 0 ... 0 0 0]]","[[30 30 30 ... 27 27 27]
 [30 30 30 ... 27 27 27]
 [30 30 30 ... 27 27 27]
 ...
 [35 35 35 ... 24 25 25]
 [35 35 35 ... 25 25 25]
 [35 35 35 ... 25 25 25]]","[ 8.58891972e-03  1.72211591e+02  9.89520148e-01  8.21904342e+03
  5.48906860e-01  2.19937666e+02  3.27039621e+04  7.77896894e+00
  1.00609074e+01  9.21091235e-04  3.16375796e+00 -5.30598772e-01
  9.99575276e-01]",black
frame (21).npy,"[[0 0 0 ... 0 0 0]
 [0 0 0 ... 0 0 0]
 [0 0 0 ... 0 0 0]
 ...
 [0 0 0 ... 0 0 0]
 [0 0 0 ... 0 0 0]
 [0 0 0 ... 0 0 0]]","[[32 32 32 ... 34 34 34]
 [32 32 32 ... 34 34 34]
 [32 32 32 ... 34 34 34]
 ...
 [32 32 32 ... 39 39 39]
 [32 32 32 ... 39 39 39]
 [32 32 32 ... 39 39 39]]","[ 8.30350617e-03  1.73143955e+02  9.89474704e-01  8.22789407e+03
  5.43615126e-01  2.19565890e+02  3.27384323e+04  7.81202765e+00
  1.01273532e+01  9.05633947e-04  3.18662983e+00 -5.27808982e-01
  9.99570301e-01]",black
frame (22).npy,"[[0 0 0 ... 0 0 0]
 [0 0 0 ... 0 0 0]
 [0 0 0 ... 0 0 0]
 ...
 [0 0 0 ... 0 0 0]
 [0 0 0 ... 0 0 0]
 [0 0 0 ... 0 0 0]]","[[30 30 29 ... 35 35 35]
 [30 30 29 ... 35 35 35]
 [30 30 29 ... 35 35 35]
 ...
 [33 33 33 ... 42 42 42]
 [33 33 33 ... 42 42 42]
 [33 33 33 ... 42 42 42]]","[ 8.25860076e-03  1.72461045e+02  9.89523505e-01  8.23362596e+03
  5.42580428e-01  2.19491758e+02  3.27620428e+04  7.80959405e+00
  1.01252959e+01  9.03695868e-04  3.18627829e+00 -5.27119092e-01
  9.99564236e-01]",black
frame (23).npy,"[[0 0 0 ... 0 0 0]
 [0 0 0 ... 0 0 0]
 [0 0 0 ... 0 0 0]
 ...
 [0 0 0 ... 0 0 0]
 [0 0 0 ... 0 0 0]
 [0 0 0 ... 0 0 0]]","[[31 31 30 ... 35 35 35]
 [31 31 30 ... 35 35 35]
 [30 30 30 ... 35 35 35]
 ...
 [32 32 32 ... 40 39 39]
 [32 32 32 ... 39 39 39]
 [32 32 32 ... 39 39 39]]","[ 8.35062961e-03  1.72575265e+02  9.89513115e-01  8.23088866e+03
  5.42910067e-01  2.19659355e+02  3.27509794e+04  7.80857082e+00
  1.01277549e+01  9.03061396e-04  3.18821240e+00 -5.27027969e-01
  9.99564234e-01]",black
frame (24).npy,"[[0 0 0 ... 0 0 0]
 [0 0 0 ... 0 0 0]
 [0 0 0 ... 0 0 0]
 ...
 [0 0 0 ... 0 0 0]
 [0 0 0 ... 0 0 0]
 [0 0 0 ... 0 0 0]]","[[28 28 28 ... 29 29 29]
 [28 28 28 ... 29 29 29]
 [28 28 28 ... 29 29 29]
 ...
 [33 33 33 ... 27 27 27]
 [33 33 33 ... 27 27 27]
 [33 33 33 ... 27 27 27]]","[ 8.43110975e-03  1.71671412e+02  9.89549489e-01  8.21629182e+03
  5.51093626e-01  2.19495641e+02  3.26934959e+04  7.77441398e+00
  1.00436512e+01  9.28412799e-04  3.15202305e+00 -5.32161399e-01
  9.99581596e-01]",black
frame (25).npy,"[[0 0 0 ... 0 0 0]
 [0 0 0 ... 0 0 0]
 [0 0 0 ... 0 0 0]
 ...
 [0 0 0 ... 0 0 0]
 [0 0 0 ... 0 0 0]
 [0 0 0 ... 0 0 0]]","[[28 28 28 ... 39 39 39]
 [28 28 28 ... 39 39 39]
 [28 28 28 ... 39 39 39]
 ...
 [33 33 33 ... 38 38 38]
 [33 33 33 ... 38 38 38]
 [33 33 32 ... 38 38 38]]","[ 8.40946589e-03  1.74202232e+02  9.89412833e-01  8.22979452e+03
  5.42927063e-01  2.19513063e+02  3.27449759e+04  7.81088844e+00
  1.01395489e+01  9.02976967e-04  3.19741404e+00 -5.25735484e-01
  9.99556730e-01]",black
frame (26).npy,"[[0 0 0 ... 0 0 0]
 [0 0 0 ... 0 0 0]
 [0 0 0 ... 0 0 0]
 ...
 [0 0 0 ... 0 0 0]
 [0 0 0 ... 0 0 0]
 [0 0 0 ... 0 0 0]]","[[34 34 34 ... 28 28 28]
 [34 34 34 ... 28 28 28]
 [34 34 34 ... 28 28 28]
 ...
 [37 37 37 ... 32 32 32]
 [38 38 38 ... 32 32 32]
 [38 38 38 ... 32 32 32]]","[ 8.78482546e-03  1.74944372e+02  9.89400265e-01  8.25505063e+03
  5.46130891e-01  2.18869790e+02  3.28452582e+04  7.74345172e+00
  1.00563232e+01  9.11033532e-04  3.18186183e+00 -5.23893674e-01
  9.99518049e-01]",black
frame (27).npy,"[[0 0 0 ... 0 0 0]
 [0 0 0 ... 0 0 0]
 [0 0 0 ... 0 0 0]
 ...
 [0 0 0 ... 0 0 0]
 [0 0 0 ... 0 0 0]
 [0 0 0 ... 0 0 0]]","[[31 31 31 ... 32 32 32]
 [31 31 31 ... 32 32 32]
 [31 31 31 ... 32 32 32]
 ...
 [35 35 35 ... 35 35 35]
 [35 35 35 ... 35 35 35]
 [35 35 35 ... 35 35 35]]","[ 8.59960839e-03  1.73587760e+02  9.89443687e-01  8.22472335e+03
  5.48339782e-01  2.19346514e+02  3.27253057e+04  7.78073749e+00
  1.00677552e+01  9.19749666e-04  3.16738114e+00 -5.29822904e-01
  9.99572384e-01]",black
frame (28).npy,"[[0 0 0 ... 0 0 0]
 [0 0 0 ... 0 0 0]
 [0 0 0 ... 0 0 0]
 ...
 [0 0 0 ... 0 0 0]
 [0 0 0 ... 0 0 0]
 [0 0 0 ... 0 0 0]]","[[33 33 33 ... 34 35 35]
 [33 33 33 ... 34 35 35]
 [33 33 33 ... 35 35 35]
 ...
 [38 39 40 ... 39 40 40]
 [39 39 40 ... 40 40 40]
 [39 39 40 ... 40 40 40]]","[ 8.70450495e-03  1.66163222e+02  9.89933554e-01  8.25604832e+03
  5.34931598e-01  2.27616335e+02  3.28580301e+04  7.74647126e+00
  1.00830868e+01  8.81560275e-04  3.20062969e+00 -5.19791019e-01
  9.99488171e-01]",black
frame (29).npy,"[[0 0 0 ... 0 0 0]
 [0 0 0 ... 0 0 0]
 [0 0 0 ... 0 0 0]
 ...
 [0 0 0 ... 0 0 0]
 [0 0 0 ... 0 0 0]
 [0 0 0 ... 0 0 0]]","[[33 33 33 ... 30 31 31]
 [33 33 33 ... 30 31 31]
 [33 33 33 ... 30 31 31]
 ...
 [30 30 30 ... 35 35 35]
 [30 30 30 ... 36 36 36]
 [30 30 30 ... 36 36 36]]","[ 8.26892771e-03  1.72722139e+02  9.89482160e-01  8.21369066e+03
  5.41149302e-01  2.19550039e+02  3.26820405e+04  7.80066067e+00
  1.01230650e+01  8.98718343e-04  3.19083949e+00 -5.25858636e-01
  9.99555389e-01]",black
frame (3).npy,"[[0 0 0 ... 0 0 0]
 [0 0 0 ... 0 0 0]
 [0 0 0 ... 0 0 0]
 ...
 [0 0 0 ... 0 0 0]
 [0 0 0 ... 0 0 0]
 [0 0 0 ... 0 0 0]]","[[32 32 32 ... 28 28 28]
 [32 32 32 ... 28 28 28]
 [32 32 32 ... 28 28 28]
 ...
 [35 35 35 ... 32 32 32]
 [35 35 35 ... 32 32 32]
 [35 35 35 ... 32 32 32]]","[ 9.31899973e-03  1.70749712e+02  9.89630256e-01  8.23585077e+03
  5.54515907e-01  2.19362876e+02  3.27726534e+04  7.70950967e+00
  9.97543125e+00  9.36677545e-04  3.14830926e+00 -5.29719335e-01
  9.99538039e-01]",black
frame (30).npy,"[[0 0 0 ... 0 0 0]
 [0 0 0 ... 0 0 0]
 [0 0 0 ... 0 0 0]
 ...
 [0 0 0 ... 0 0 0]
 [0 0 0 ... 0 0 0]
 [0 0 0 ... 0 0 0]]","[[31 31 31 ... 28 28 28]
 [31 31 31 ... 28 28 28]
 [31 31 31 ... 28 28 28]
 ...
 [32 32 32 ... 30 31 31]
 [32 32 32 ... 30 31 31]
 [32 32 32 ... 30 31 31]]","[ 8.32349430e-03  1.71113861e+02  9.89547965e-01  8.18840708e+03
  5.45720675e-01  2.20159162e+02  3.25825145e+04  7.78552842e+00
  1.00742652e+01  9.14479305e-04  3.16253533e+00 -5.29353829e-01
  9.99568536e-01]",black
frame (31).npy,"[[0 0 0 ... 0 0 0]
 [0 0 0 ... 0 0 0]
 [0 0 0 ... 0 0 0]
 ...
 [0 0 0 ... 0 0 0]
 [0 0 0 ... 0 0 0]
 [0 0 0 ... 0 0 0]]","[[30 30 30 ... 35 35 35]
 [30 30 30 ... 35 35 35]
 [30 30 30 ... 35 35 35]
 ...
 [33 33 33 ... 41 41 41]
 [34 34 34 ... 41 41 41]
 [34 34 34 ... 41 41 41]]","[ 8.12418332e-03  1.73703462e+02  9.89404126e-01  8.19950562e+03
  5.39290139e-01  2.19986398e+02  3.26243190e+04  7.82598398e+00
  1.01615538e+01  8.93319946e-04  3.20372526e+00 -5.25689548e-01
  9.99564866e-01]",black
frame (32).npy,"[[0 0 0 ... 0 0 0]
 [0 0 0 ... 0 0 0]
 [0 0 0 ... 0 0 0]
 ...
 [0 0 0 ... 0 0 0]
 [0 0 0 ... 0 0 0]
 [0 0 0 ... 0 0 0]]","[[30 30 30 ... 35 35 35]
 [30 30 30 ... 35 35 35]
 [30 30 30 ... 34 34 34]
 ...
 [38 38 37 ... 38 38 38]
 [38 38 37 ... 38 38 38]
 [38 38 37 ... 38 38 38]]","[ 8.09149969e-03  1.73971798e+02  9.89386976e-01  8.19888900e+03
  5.40125978e-01  2.19898872e+02  3.26215842e+04  7.82130889e+00
  1.01652290e+01  8.95009152e-04  3.20811690e+00 -5.23995142e-01
  9.99548931e-01]",black
frame (33).npy,"[[0 0 0 ... 0 0 0]
 [0 0 0 ... 0 0 0]
 [0 0 0 ... 0 0 0]
 ...
 [0 0 0 ... 0 0 0]
 [0 0 0 ... 0 0 0]
 [0 0 0 ... 0 0 0]]","[[30 30 30 ... 26 26 26]
 [30 30 30 ... 26 26 26]
 [30 30 30 ... 26 26 26]
 ...
 [29 29 29 ... 30 30 30]
 [29 29 29 ... 30 30 30]
 [29 29 29 ... 30 30 30]]","[ 9.12203072e-03  1.73651768e+02  9.89329584e-01  8.13981931e+03
  5.55719288e-01  2.16627237e+02  3.23856255e+04  7.72810029e+00
  9.97727161e+00  9.41393403e-04  3.14150714e+00 -5.32688154e-01
  9.99564671e-01]",black
frame (34).npy,"[[0 0 0 ... 0 0 0]
 [0 0 0 ... 0 0 0]
 [0 0 0 ... 0 0 0]
 ...
 [0 0 0 ... 0 0 0]
 [0 0 0 ... 0 0 0]
 [0 0 0 ... 0 0 0]]","[[31 31 31 ... 29 29 29]
 [31 31 31 ... 29 29 29]
 [31 31 31 ... 29 29 29]
 ...
 [37 37 37 ... 28 28 28]
 [37 37 37 ... 28 28 28]
 [37 37 37 ... 28 28 28]]","[ 8.16440224e-03  1.72789385e+02  9.89496647e-01  8.22816914e+03
  5.42656266e-01  2.19841806e+02  3.27398872e+04  7.80615124e+00
  1.01215684e+01  9.03457446e-04  3.18498059e+00 -5.27045889e-01
  9.99565994e-01]",black
frame (35).npy,"[[0 0 0 ... 0 0 0]
 [0 0 0 ... 0 0 0]
 [0 0 0 ... 0 0 0]
 ...
 [0 0 0 ... 0 0 0]
 [0 0 0 ... 0 0 0]
 [0 0 0 ... 0 0 0]]","[[29 29 28 ... 50 50 50]
 [29 29 29 ... 50 50 50]
 [29 29 29 ... 49 49 49]
 ...
 [28 28 28 ... 49 48 48]
 [28 28 28 ... 48 48 48]
 [28 28 28 ... 48 48 48]]","[ 9.17240808e-03  1.71654199e+02  9.89501424e-01  8.17785980e+03
  5.56248219e-01  2.20155379e+02  3.25397850e+04  7.70729178e+00
  9.93865905e+00  9.45333194e-04  3.12579512e+00 -5.33967750e-01
  9.99563497e-01]",black
frame (36).npy,"[[0 0 0 ... 0 0 0]
 [0 0 0 ... 0 0 0]
 [0 0 0 ... 0 0 0]
 ...
 [0 0 0 ... 0 0 0]
 [0 0 0 ... 0 0 0]
 [0 0 0 ... 0 0 0]]","[[35 35 35 ... 30 30 30]
 [35 35 35 ... 30 30 30]
 [35 35 35 ... 30 30 30]
 ...
 [41 41 41 ... 31 31 31]
 [41 41 40 ... 31 31 31]
 [41 41 40 ... 31 31 31]]","[ 9.45065877e-03  1.72600984e+02  9.89505319e-01  8.22601198e+03
  5.45135748e-01  2.19825330e+02  3.27314469e+04  7.68167827e+00
  1.00012383e+01  9.10156538e-04  3.18516007e+00 -5.18512402e-01
  9.99443857e-01]",black
frame (37).npy,"[[0 0 0 ... 0 0 0]
 [0 0 0 ... 0 0 0]
 [0 0 0 ... 0 0 0]
 ...
 [0 0 0 ... 0 0 0]
 [0 0 0 ... 0 0 0]
 [0 0 0 ... 0 0 0]]","[[34 34 34 ... 30 30 30]
 [34 34 34 ... 30 30 30]
 [34 34 34 ... 30 30 30]
 ...
 [69 69 70 ... 43 43 43]
 [68 68 69 ... 43 43 43]
 [68 68 69 ... 43 43 43]]","[ 9.09913303e-03  1.72110756e+02  9.89512028e-01  8.20789062e+03
  5.43510738e-01  2.19740575e+02  3.26594517e+04  7.71154676e+00
  1.00255067e+01  9.05728763e-04  3.18404382e+00 -5.21293284e-01
  9.99480740e-01]",black
frame (39).npy,"[[0 0 0 ... 0 0 0]
 [0 0 0 ... 0 0 0]
 [0 0 0 ... 0 0 0]
 ...
 [0 0 0 ... 0 0 0]
 [0 0 0 ... 0 0 0]
 [0 0 0 ... 0 0 0]]","[[33 33 33 ... 30 31 31]
 [33 33 33 ... 30 31 31]
 [33 33 33 ... 30 30 30]
 ...
 [38 38 38 ... 29 29 29]
 [38 38 38 ... 29 29 29]
 [38 38 38 ... 29 29 29]]","[ 8.86678494e-03  1.72687617e+02  9.89473838e-01  8.20552346e+03
  5.40328205e-01  2.20024046e+02  3.26494062e+04  7.72223776e+00
  1.00624961e+01  8.96087699e-04  3.20541189e+00 -5.17771112e-01
  9.99461008e-01]",black
frame (4).npy,"[[0 0 0 ... 0 0 0]
 [0 0 0 ... 0 0 0]
 [0 0 0 ... 0 0 0]
 ...
 [0 0 0 ... 0 0 0]
 [0 0 0 ... 0 0 0]
 [0 0 0 ... 0 0 0]]","[[33 33 33 ... 32 32 32]
 [33 33 33 ... 32 32 32]
 [33 33 33 ... 32 32 32]
 ...
 [35 35 35 ... 28 28 28]
 [35 35 35 ... 28 28 28]
 [35 35 35 ... 28 28 28]]","[ 8.22158694e-03  1.71102838e+02  9.89578127e-01  8.21162184e+03
  5.49118043e-01  2.19658718e+02  3.26753845e+04  7.80625793e+00
  1.00939525e+01  9.19999102e-04  3.16279981e+00 -5.31921985e-01
  9.99596239e-01]",black
frame (40).npy,"[[0 0 0 ... 0 0 0]
 [0 0 0 ... 0 0 0]
 [0 0 0 ... 0 0 0]
 ...
 [0 0 0 ... 0 0 0]
 [0 0 0 ... 0 0 0]
 [0 0 0 ... 0 0 0]]","[[36 36 36 ... 29 29 29]
 [36 36 36 ... 29 29 29]
 [36 36 36 ... 29 29 29]
 ...
 [39 39 39 ... 30 30 30]
 [39 39 38 ... 30 30 30]
 [39 39 38 ... 30 30 30]]","[ 8.66193717e-03  1.73024505e+02  9.89449987e-01  8.20297535e+03
  5.43840132e-01  2.19672342e+02  3.26388769e+04  7.75316560e+00
  1.00754010e+01  9.06542594e-04  3.18520609e+00 -5.22691031e-01
  9.99513378e-01]",black
frame (41).npy,"[[0 0 0 ... 0 0 0]
 [0 0 0 ... 0 0 0]
 [0 0 0 ... 0 0 0]
 ...
 [0 0 0 ... 0 0 0]
 [0 0 0 ... 0 0 0]
 [0 0 0 ... 0 0 0]]","[[35 35 35 ... 28 28 28]
 [35 35 35 ... 28 28 28]
 [35 35 35 ... 28 28 28]
 ...
 [37 37 37 ... 30 30 30]
 [37 37 37 ... 30 30 30]
 [37 37 37 ... 30 30 30]]","[ 8.30613225e-03  1.71522501e+02  9.89523785e-01  8.18901936e+03
  5.41946910e-01  2.19995851e+02  3.25845549e+04  7.77207606e+00
  1.00964499e+01  9.02741573e-04  3.18328902e+00 -5.23581447e-01
  9.99526476e-01]",black
frame (42).npy,"[[0 0 0 ... 0 0 0]
 [0 0 0 ... 0 0 0]
 [0 0 0 ... 0 0 0]
 ...
 [0 0 0 ... 0 0 0]
 [0 0 0 ... 0 0 0]
 [0 0 0 ... 0 0 0]]","[[33 33 33 ... 30 31 31]
 [33 33 33 ... 30 31 31]
 [33 33 33 ... 30 31 31]
 ...
 [38 38 39 ... 30 30 30]
 [39 39 39 ... 30 30 30]
 [39 39 39 ... 30 30 30]]","[ 8.11918690e-03  1.73115120e+02  9.89438517e-01  8.19833429e+03
  5.40052470e-01  2.20220559e+02  3.26202221e+04  7.80158125e+00
  1.01363259e+01  8.95777811e-04  3.19831489e+00 -5.23951570e-01
  9.99545321e-01]",black
frame (43).npy,"[[0 0 0 ... 0 0 0]
 [0 0 0 ... 0 0 0]
 [0 0 0 ... 0 0 0]
 ...
 [0 0 0 ... 0 0 0]
 [0 0 0 ... 0 0 0]
 [0 0 0 ... 0 0 0]]","[[31 31 31 ... 32 32 32]
 [31 31 31 ... 32 32 32]
 [31 31 31 ... 32 32 32]
 ...
 [32 32 32 ... 37 37 37]
 [32 32 32 ... 37 37 37]
 [32 32 32 ... 37 37 37]]","[ 8.26980614e-03  1.71184052e+02  9.89574488e-01  8.21261575e+03
  5.41803206e-01  2.20248945e+02  3.26792790e+04  7.79388106e+00
  1.01126673e+01  9.00819816e-04  3.18737371e+00 -5.25858431e-01
  9.99548429e-01]",black
frame (44).npy,"[[0 0 0 ... 0 0 0]
 [0 0 0 ... 0 0 0]
 [0 0 0 ... 0 0 0]
 ...
 [0 0 0 ... 0 0 0]
 [0 0 0 ... 0 0 0]
 [0 0 0 ... 0 0 0]]","[[35 35 35 ... 28 28 28]
 [35 35 34 ... 28 28 28]
 [35 35 34 ... 28 28 28]
 ...
 [40 40 40 ... 32 32 32]
 [41 41 40 ... 32 32 32]
 [41 41 40 ... 32 32 32]]","[ 9.22928226e-03  1.72700490e+02  9.89490083e-01  8.21883219e+03
  5.44079134e-01  2.19865284e+02  3.27026283e+04  7.69414441e+00
  1.00119997e+01  9.06347492e-04  3.18758708e+00 -5.19541763e-01
  9.99459661e-01]",black
frame (45).npy,"[[0 0 0 ... 0 0 0]
 [0 0 0 ... 0 0 0]
 [0 0 0 ... 0 0 0]
 ...
 [0 0 0 ... 0 0 0]
 [0 0 0 ... 0 0 0]
 [0 0 0 ... 0 0 0]]","[[34 34 34 ... 26 26 26]
 [34 34 34 ... 26 26 26]
 [34 34 34 ... 26 26 26]
 ...
 [32 32 32 ... 31 31 31]
 [32 32 32 ... 31 31 31]
 [32 32 32 ... 31 31 31]]","[ 8.65685436e-03  1.72461308e+02  9.89505438e-01  8.21944759e+03
  5.44530958e-01  2.19846895e+02  3.27053291e+04  7.75612257e+00
  1.00643548e+01  9.08989876e-04  3.17712893e+00 -5.24976356e-01
  9.99528651e-01]",black
frame (46).npy,"[[0 0 0 ... 0 0 0]
 [0 0 0 ... 0 0 0]
 [0 0 0 ... 0 0 0]
 ...
 [0 0 0 ... 0 0 0]
 [0 0 0 ... 0 0 0]
 [0 0 0 ... 0 0 0]]","[[36 36 35 ... 29 29 29]
 [36 36 35 ... 29 29 29]
 [36 36 35 ... 28 29 29]
 ...
 [39 39 38 ... 31 31 31]
 [39 39 38 ... 31 31 31]
 [39 39 38 ... 31 31 31]]","[ 9.01390152e-03  1.69642250e+02  9.89714752e-01  8.24968841e+03
  5.53060647e-01  2.19056475e+02  3.28291114e+04  7.72842541e+00
  1.00104704e+01  9.31314323e-04  3.15314263e+00 -5.28288266e-01
  9.99540098e-01]",black
frame (47).npy,"[[0 0 0 ... 0 0 0]
 [0 0 0 ... 0 0 0]
 [0 0 0 ... 0 0 0]
 ...
 [0 0 0 ... 0 0 0]
 [0 0 0 ... 0 0 0]
 [0 0 0 ... 0 0 0]]","[[34 34 34 ... 27 27 27]
 [34 34 34 ... 27 27 27]
 [34 34 34 ... 27 27 27]
 ...
 [58 58 58 ... 33 33 33]
 [59 59 59 ... 33 33 33]
 [59 59 59 ... 33 33 33]]","[ 9.27737569e-03  1.70155477e+02  9.89695125e-01  8.25885110e+03
  5.57235281e-01  2.19118650e+02  3.28652489e+04  7.71417113e+00
  9.97643070e+00  9.42704894e-04  3.14282149e+00 -5.31096899e-01
  9.99552119e-01]",black
frame (48).npy,"[[0 0 0 ... 0 0 0]
 [0 0 0 ... 0 0 0]
 [0 0 0 ... 0 0 0]
 ...
 [0 0 0 ... 0 0 0]
 [0 0 0 ... 0 0 0]
 [0 0 0 ... 0 0 0]]","[[34 34 34 ... 28 28 28]
 [34 34 34 ... 28 28 28]
 [34 34 34 ... 28 28 28]
 ...
 [44 44 44 ... 32 32 32]
 [44 44 44 ... 32 32 32]
 [44 44 44 ... 32 32 32]]","[ 8.56729047e-03  1.70908506e+02  9.89624923e-01  8.23928244e+03
  5.50074837e-01  2.19414094e+02  3.27862213e+04  7.75945354e+00
  1.00561923e+01  9.21794239e-04  3.16777080e+00 -5.28118232e-01
  9.99551327e-01]",black
frame (49).npy,"[[0 0 0 ... 0 0 0]
 [0 0 0 ... 0 0 0]
 [0 0 0 ... 0 0 0]
 ...
 [0 0 0 ... 0 0 0]
 [0 0 0 ... 0 0 0]
 [0 0 0 ... 0 0 0]]","[[32 32 33 ... 29 29 29]
 [32 32 33 ... 29 29 29]
 [32 32 33 ... 29 29 29]
 ...
 [36 36 36 ... 30 30 30]
 [36 36 36 ... 30 30 30]
 [36 36 36 ... 30 30 30]]","[ 8.63331969e-03  1.70064382e+02  9.89689707e-01  8.25010272e+03
  5.50039884e-01  2.19333198e+02  3.28303465e+04  7.74693475e+00
  1.00338401e+01  9.23065669e-04  3.16193295e+00 -5.28361586e-01
  9.99547162e-01]",black
frame (5).npy,"[[0 0 0 ... 0 0 0]
 [0 0 0 ... 0 0 0]
 [0 0 0 ... 0 0 0]
 ...
 [0 0 0 ... 0 0 0]
 [0 0 0 ... 0 0 0]
 [0 0 0 ... 0 0 0]]","[[35 35 35 ... 30 31 31]
 [35 35 35 ... 30 31 31]
 [35 35 35 ... 31 31 31]
 ...
 [32 31 31 ... 32 32 32]
 [32 32 32 ... 32 32 32]
 [32 32 32 ... 32 32 32]]","[ 8.73864452e-03  1.70311759e+02  9.89618049e-01  8.20507420e+03
  5.47774594e-01  2.19894402e+02  3.26499851e+04  7.75909040e+00
  1.00586654e+01  9.17415955e-04  3.16710793e+00 -5.26751607e-01
  9.99543187e-01]",black
frame (50).npy,"[[0 0 0 ... 0 0 0]
 [0 0 0 ... 0 0 0]
 [0 0 0 ... 0 0 0]
 ...
 [0 0 0 ... 0 0 0]
 [0 0 0 ... 0 0 0]
 [0 0 0 ... 0 0 0]]","[[31 31 31 ... 28 28 28]
 [31 31 31 ... 28 28 28]
 [31 31 31 ... 28 28 28]
 ...
 [37 37 37 ... 33 32 32]
 [37 37 37 ... 33 33 33]
 [37 37 37 ... 33 33 33]]","[ 8.97485105e-03  1.71164060e+02  9.89614118e-01  8.24301299e+03
  5.50435159e-01  2.19265287e+02  3.28008879e+04  7.73129133e+00
  1.00228358e+01  9.23053625e-04  3.16883078e+00 -5.26869313e-01
  9.99530340e-01]",black
frame (51).npy,"[[0 0 0 ... 0 0 0]
 [0 0 0 ... 0 0 0]
 [0 0 0 ... 0 0 0]
 ...
 [0 0 0 ... 0 0 0]
 [0 0 0 ... 0 0 0]
 [0 0 0 ... 0 0 0]]","[[33 33 33 ... 28 29 29]
 [33 33 33 ... 28 29 29]
 [33 33 33 ... 28 29 29]
 ...
 [36 36 36 ... 30 31 31]
 [36 36 36 ... 30 31 31]
 [36 36 36 ... 30 31 31]]","[ 9.16344887e-03  1.70338942e+02  9.89678961e-01  8.25482081e+03
  5.53659320e-01  2.19231131e+02  3.28489443e+04  7.72126226e+00
  9.99168915e+00  9.32462353e-04  3.15222204e+00 -5.29622112e-01
  9.99545886e-01]",black
frame (52).npy,"[[0 0 0 ... 0 0 0]
 [0 0 0 ... 0 0 0]
 [0 0 0 ... 0 0 0]
 ...
 [0 0 0 ... 0 0 0]
 [0 0 0 ... 0 0 0]
 [0 0 0 ... 0 0 0]]","[[38 38 38 ... 30 30 30]
 [38 38 38 ... 30 30 30]
 [38 38 38 ... 30 30 30]
 ...
 [37 37 37 ... 34 34 34]
 [37 37 37 ... 34 34 34]
 [37 37 37 ... 34 34 34]]","[ 9.30367178e-03  1.70236515e+02  9.89696637e-01  8.26399481e+03
  5.55733396e-01  2.19050481e+02  3.28857427e+04  7.69865716e+00
  9.96437765e+00  9.38041039e-04  3.15082990e+00 -5.29444980e-01
  9.99531989e-01]",black
frame (53).npy,"[[0 0 0 ... 0 0 0]
 [0 0 0 ... 0 0 0]
 [0 0 0 ... 0 0 0]
 ...
 [0 0 0 ... 0 0 0]
 [0 0 0 ... 0 0 0]
 [0 0 0 ... 0 0 0]]","[[33 33 33 ... 29 29 29]
 [33 33 34 ... 29 29 29]
 [33 33 34 ... 29 29 29]
 ...
 [39 39 40 ... 32 32 32]
 [39 39 40 ... 32 32 32]
 [39 39 39 ... 32 32 32]]","[ 8.56334327e-03  1.70216869e+02  9.89674044e-01  8.24497378e+03
  5.50137280e-01  2.19548725e+02  3.28096782e+04  7.76233599e+00
  1.00434290e+01  9.22782484e-04  3.16080286e+00 -5.30450375e-01
  9.99569233e-01]",black
frame (54).npy,"[[0 0 0 ... 0 0 0]
 [0 0 0 ... 0 0 0]
 [0 0 0 ... 0 0 0]
 ...
 [0 0 0 ... 0 0 0]
 [0 0 0 ... 0 0 0]
 [0 0 0 ... 0 0 0]]","[[29 29 29 ... 34 35 35]
 [29 29 29 ... 34 35 35]
 [29 29 29 ... 35 35 35]
 ...
 [30 30 30 ... 39 39 39]
 [30 30 30 ... 40 40 40]
 [30 30 30 ... 40 40 40]]","[ 8.40919176e-03  1.72288995e+02  9.89523855e-01  8.22571766e+03
  5.47368539e-01  2.19749477e+02  3.27305816e+04  7.81214696e+00
  1.01194917e+01  9.14491633e-04  3.18127750e+00 -5.29391753e-01
  9.99580687e-01]",black
frame (55).npy,"[[0 0 0 ... 0 0 0]
 [0 0 0 ... 0 0 0]
 [0 0 0 ... 0 0 0]
 ...
 [0 0 0 ... 0 0 0]
 [0 0 0 ... 0 0 0]
 [0 0 0 ... 0 0 0]]","[[30 30 30 ... 27 27 27]
 [30 30 30 ... 27 27 27]
 [30 30 30 ... 27 27 27]
 ...
 [40 40 40 ... 32 32 32]
 [40 40 40 ... 32 32 32]
 [40 40 40 ... 32 32 32]]","[ 8.56493940e-03  1.71525807e+02  9.89612767e-01  8.25932782e+03
  5.52520237e-01  2.18848117e+02  3.28657855e+04  7.75892448e+00
  1.00430933e+01  9.28857749e-04  3.16355313e+00 -5.30411001e-01
  9.99566807e-01]",black
frame (56).npy,"[[0 0 0 ... 0 0 0]
 [0 0 0 ... 0 0 0]
 [0 0 0 ... 0 0 0]
 ...
 [0 0 0 ... 0 0 0]
 [0 0 0 ... 0 0 0]
 [0 0 0 ... 0 0 0]]","[[32 32 32 ... 26 26 26]
 [32 32 32 ... 26 26 26]
 [32 32 32 ... 26 26 26]
 ...
 [33 33 33 ... 28 28 28]
 [33 33 33 ... 28 28 28]
 [33 33 33 ... 28 28 28]]","[ 8.50593795e-03  1.70021306e+02  9.89657305e-01  8.22213524e+03
  5.49051642e-01  2.19884311e+02  3.27185196e+04  7.76728609e+00
  1.00511159e+01  9.21831231e-04  3.16225336e+00 -5.29951726e-01
  9.99564740e-01]",black
frame (57).npy,"[[0 0 0 ... 0 0 0]
 [0 0 0 ... 0 0 0]
 [0 0 0 ... 0 0 0]
 ...
 [0 0 0 ... 0 0 0]
 [0 0 0 ... 0 0 0]
 [0 0 0 ... 0 0 0]]","[[32 32 32 ... 28 28 28]
 [32 32 32 ... 28 28 28]
 [32 32 32 ... 28 28 28]
 ...
 [30 30 30 ... 29 29 29]
 [30 30 30 ... 29 29 29]
 [30 30 30 ... 29 29 29]]","[ 8.31651699e-03  1.69837033e+02  9.89663047e-01  8.21778118e+03
  5.46255452e-01  2.19794416e+02  3.27012877e+04  7.77659202e+00
  1.00718345e+01  9.14831843e-04  3.16758168e+00 -5.28365548e-01
  9.99558200e-01]",black
frame (58).npy,"[[0 0 0 ... 0 0 0]
 [0 0 0 ... 0 0 0]
 [0 0 0 ... 0 0 0]
 ...
 [0 0 0 ... 0 0 0]
 [0 0 0 ... 0 0 0]
 [0 0 0 ... 0 0 0]]","[[33 33 33 ... 30 30 30]
 [33 33 33 ... 30 30 30]
 [33 33 33 ... 30 30 30]
 ...
 [37 37 37 ... 30 30 30]
 [37 37 37 ... 30 30 30]
 [37 37 37 ... 30 30 30]]","[ 8.45009384e-03  1.67146820e+02  9.89903846e-01  8.28048679e+03
  5.45139602e-01  2.23820541e+02  3.29548003e+04  7.80508417e+00
  1.01043392e+01  9.07305564e-04  3.17544720e+00 -5.30125285e-01
  9.99587226e-01]",black
frame (59).npy,"[[0 0 0 ... 0 0 0]
 [0 0 0 ... 0 0 0]
 [0 0 0 ... 0 0 0]
 ...
 [0 0 0 ... 0 0 0]
 [0 0 0 ... 0 0 0]
 [0 0 0 ... 0 0 0]]","[[38 38 38 ... 29 29 29]
 [38 38 38 ... 29 29 29]
 [38 38 38 ... 29 29 29]
 ...
 [39 39 39 ... 32 32 32]
 [39 39 39 ... 32 32 32]
 [39 39 39 ... 32 32 32]]","[ 9.03514747e-03  1.67763121e+02  9.89891633e-01  8.30096642e+03
  5.47266340e-01  2.23576253e+02  3.30361026e+04  7.72692777e+00
  1.00139820e+01  9.13625989e-04  3.16911423e+00 -5.26959281e-01
  9.99531868e-01]",black
frame (6).npy,"[[0 0 0 ... 0 0 0]
 [0 0 0 ... 0 0 0]
 [0 0 0 ... 0 0 0]
 ...
 [0 0 0 ... 0 0 0]
 [0 0 0 ... 0 0 0]
 [0 0 0 ... 0 0 0]]","[[32 32 32 ... 27 27 27]
 [32 32 32 ... 27 27 27]
 [32 32 32 ... 27 27 27]
 ...
 [35 35 35 ... 29 29 29]
 [35 35 35 ... 29 29 29]
 [35 35 35 ... 29 29 29]]","[ 8.50602592e-03  1.70408993e+02  9.89603327e-01  8.19810304e+03
  5.46867301e-01  2.19935596e+02  3.26220032e+04  7.76751367e+00
  1.00700837e+01  9.15592836e-04  3.16926123e+00 -5.27051497e-01
  9.99546626e-01]",black
frame (60).npy,"[[0 0 0 ... 0 0 0]
 [0 0 0 ... 0 0 0]
 [0 0 0 ... 0 0 0]
 ...
 [0 0 0 ... 0 0 0]
 [0 0 0 ... 0 0 0]
 [0 0 0 ... 0 0 0]]","[[48 48 48 ... 32 32 32]
 [48 48 48 ... 32 32 32]
 [48 48 48 ... 32 32 32]
 ...
 [40 40 40 ... 32 32 32]
 [40 40 40 ... 32 32 32]
 [40 40 40 ... 32 32 32]]","[ 8.84301598e-03  1.67760777e+02  9.89881501e-01  8.29257251e+03
  5.43820428e-01  2.23433767e+02  3.30025292e+04  7.72458596e+00
  1.00245968e+01  9.05400009e-04  3.17800111e+00 -5.24359650e-01
  9.99511477e-01]",black
frame (61).npy,"[[0 0 0 ... 0 0 0]
 [0 0 0 ... 0 0 0]
 [0 0 0 ... 0 0 0]
 ...
 [0 0 0 ... 0 0 0]
 [0 0 0 ... 0 0 0]
 [0 0 0 ... 0 0 0]]","[[30 30 30 ... 37 37 37]
 [30 30 30 ... 37 37 37]
 [30 30 30 ... 37 37 37]
 ...
 [38 38 38 ... 36 36 36]
 [39 39 39 ... 36 36 36]
 [39 39 39 ... 36 36 36]]","[ 8.37114110e-03  1.66727772e+02  9.89902363e-01  8.25852577e+03
  5.40803165e-01  2.24008055e+02  3.28673753e+04  7.81366023e+00
  1.01325677e+01  8.96899970e-04  3.18874855e+00 -5.27321704e-01
  9.99571153e-01]",black
frame (62).npy,"[[0 0 0 ... 0 0 0]
 [0 0 0 ... 0 0 0]
 [0 0 0 ... 0 0 0]
 ...
 [0 0 0 ... 0 0 0]
 [0 0 0 ... 0 0 0]
 [0 0 0 ... 0 0 0]]","[[28 28 28 ... 34 35 35]
 [28 28 28 ... 34 35 35]
 [28 28 28 ... 35 35 35]
 ...
 [35 35 35 ... 35 35 35]
 [35 35 35 ... 35 35 35]
 [35 35 35 ... 35 35 35]]","[ 8.34912665e-03  1.66500156e+02  9.89918520e-01  8.26044540e+03
  5.41166523e-01  2.24199684e+02  3.28752814e+04  7.81637963e+00
  1.01399926e+01  8.96421713e-04  3.19191028e+00 -5.27034718e-01
  9.99573265e-01]",black
frame (63).npy,"[[0 0 0 ... 0 0 0]
 [0 0 0 ... 0 0 0]
 [0 0 0 ... 0 0 0]
 ...
 [0 0 0 ... 0 0 0]
 [0 0 0 ... 0 0 0]
 [0 0 0 ... 0 0 0]]","[[35 35 35 ... 32 32 32]
 [35 35 35 ... 32 32 32]
 [35 35 35 ... 32 32 32]
 ...
 [42 42 42 ... 36 36 36]
 [42 42 42 ... 36 36 36]
 [42 42 42 ... 36 36 36]]","[ 8.67914626e-03  1.67426840e+02  9.89880883e-01  8.27552708e+03
  5.43051251e-01  2.23956506e+02  3.29346815e+04  7.75259267e+00
  1.00644696e+01  9.03031215e-04  3.18087087e+00 -5.24787169e-01
  9.99527793e-01]",black
frame (64).npy,"[[0 0 0 ... 0 0 0]
 [0 0 0 ... 0 0 0]
 [0 0 0 ... 0 0 0]
 ...
 [0 0 0 ... 0 0 0]
 [0 0 0 ... 0 0 0]
 [0 0 0 ... 0 0 0]]","[[33 33 33 ... 29 29 29]
 [33 33 33 ... 29 29 29]
 [33 33 33 ... 29 29 29]
 ...
 [36 36 36 ... 31 31 31]
 [36 36 36 ... 31 31 31]
 [36 36 36 ... 31 31 31]]","[ 8.36410475e-03  1.67262793e+02  9.89885528e-01  8.27117732e+03
  5.40547041e-01  2.24241212e+02  3.29174465e+04  7.77119958e+00
  1.00933757e+01  8.97334740e-04  3.18544820e+00 -5.23983948e-01
  9.99531612e-01]",black
frame (65).npy,"[[0 0 0 ... 0 0 0]
 [0 0 0 ... 0 0 0]
 [0 0 0 ... 0 0 0]
 ...
 [0 0 0 ... 0 0 0]
 [0 0 0 ... 0 0 0]
 [0 0 0 ... 0 0 0]]","[[33 33 33 ... 31 31 31]
 [33 33 33 ... 31 31 31]
 [33 33 32 ... 31 31 31]
 ...
 [39 39 39 ... 33 33 33]
 [39 39 39 ... 33 33 33]
 [39 39 39 ... 33 33 33]]","[ 8.12774854e-03  1.67062726e+02  9.89889178e-01  8.26429802e+03
  5.40685059e-01  2.24217164e+02  3.28901293e+04  7.81079333e+00
  1.01342651e+01  8.95609869e-04  3.19041264e+00 -5.26451328e-01
  9.99567589e-01]",black
frame (66).npy,"[[0 0 0 ... 0 0 0]
 [0 0 0 ... 0 0 0]
 [0 0 0 ... 0 0 0]
 ...
 [0 0 0 ... 0 0 0]
 [0 0 0 ... 0 0 0]
 [0 0 0 ... 0 0 0]]","[[30 30 30 ... 35 35 35]
 [30 30 30 ... 35 35 35]
 [30 30 30 ... 34 34 34]
 ...
 [31 31 31 ... 38 38 38]
 [32 32 31 ... 37 37 37]
 [32 32 32 ... 37 37 37]]","[ 8.30700301e-03  1.67148810e+02  9.89896927e-01  8.27493325e+03
  5.41536766e-01  2.24026621e+02  3.29325842e+04  7.80048024e+00
  1.01167899e+01  8.98314749e-04  3.18634528e+00 -5.26911620e-01
  9.99563545e-01]",black
frame (67).npy,"[[0 0 0 ... 0 0 0]
 [0 0 0 ... 0 0 0]
 [0 0 0 ... 0 0 0]
 ...
 [0 0 0 ... 0 0 0]
 [0 0 0 ... 0 0 0]
 [0 0 0 ... 0 0 0]]","[[29 29 29 ... 27 27 27]
 [29 29 29 ... 27 27 27]
 [29 29 29 ... 27 27 27]
 ...
 [37 37 37 ... 26 26 26]
 [37 37 37 ... 26 26 26]
 [37 37 37 ... 26 26 26]]","[ 8.81485975e-03  1.71249490e+02  9.89607653e-01  8.24196569e+03
  5.59036898e-01  2.18796858e+02  3.27966133e+04  7.76911267e+00
  1.00097303e+01  9.49691581e-04  3.13415458e+00 -5.37644658e-01
  9.99612266e-01]",black
frame (68).npy,"[[0 0 0 ... 0 0 0]
 [0 0 0 ... 0 0 0]
 [0 0 0 ... 0 0 0]
 ...
 [0 0 0 ... 0 0 0]
 [0 0 0 ... 0 0 0]
 [0 0 0 ... 0 0 0]]","[[32 32 32 ... 28 28 28]
 [32 32 32 ... 28 28 28]
 [32 32 32 ... 28 28 28]
 ...
 [33 33 33 ... 27 27 27]
 [33 33 33 ... 27 27 27]
 [33 33 33 ... 27 27 27]]","[ 8.78315898e-03  1.71072242e+02  9.89609939e-01  8.23526761e+03
  5.57378090e-01  2.18701687e+02  3.27699982e+04  7.77333561e+00
  1.00250216e+01  9.44092517e-04  3.14228470e+00 -5.36081825e-01
  9.99605713e-01]",black
frame_1.npy,"[[  0   0   0 ...   0   0   0]
 [255 255 255 ...   0   0   0]
 [  0   0   0 ... 255 255 255]
 ...
 [  0 255   0 ...   0   0   0]
 [  0 255   0 ...   0   0   0]
 [  0 255   0 ...   0   0   0]]","[[ 33  35  37 ...  66  66  67]
 [ 41  41  41 ...  63  63  64]
 [ 49  47  45 ...  60  60  60]
 ...
 [ 78 124 165 ...  43  43  43]
 [ 84 134 177 ...  46  46  47]
 [ 87 138 181 ...  48  49  50]]","[ 3.42058295e-02  3.21576457e+01  9.72174914e-01  5.78254130e+02
  7.39832669e-01  7.86798371e+01  2.28085887e+03  5.66647870e+00
  6.74379565e+00  1.71260981e-03  1.91876650e+00 -5.95837927e-01
  9.98252682e-01]",white
frame_10.npy,"[[  0   0   0 ...   0   0   0]
 [  0   0   0 ...   0   0   0]
 [  0   0 255 ... 255 255 255]
 ...
 [  0 255   0 ...   0   0   0]
 [  0 255   0 ...   0   0   0]
 [  0 255   0 ...   0   0   0]]","[[39 42 45 ... 60 59 59]
 [41 42 43 ... 57 57 57]
 [42 41 41 ... 53 53 54]
 ...
 [50 46 43 ... 66 66 66]
 [53 49 44 ... 67 67 67]
 [57 52 45 ... 67 67 67]]","[ 3.13492683e-02  1.82398888e+01  9.84853712e-01  6.01963364e+02
  7.64698419e-01  7.80512846e+01  2.38961357e+03  5.63645764e+00
  6.57636895e+00  1.83048340e-03  1.70191012e+00 -6.24894395e-01
  9.98650531e-01]",white
frame_11.npy,"[[  0   0   0 ...   0   0   0]
 [  0   0   0 ...   0   0   0]
 [255 255 255 ... 255 255 255]
 ...
 [  0   0   0 ...   0   0   0]
 [  0   0   0 ... 255 255 255]
 [  0   0   0 ...   0   0   0]]","[[49 48 47 ... 61 61 61]
 [45 45 44 ... 59 59 59]
 [41 41 41 ... 57 57 57]
 ...
 [38 39 39 ... 65 67 68]
 [38 38 38 ... 70 71 72]
 [39 38 38 ... 74 75 77]]","[ 3.35028347e-02  1.49813927e+01  9.85593415e-01  5.19923661e+02
  7.68317810e-01  7.71595211e+01  2.06471325e+03  5.55804206e+00
  6.44970560e+00  1.83214631e-03  1.65004883e+00 -6.27293452e-01
  9.98529215e-01]",white
frame_12.npy,"[[0 0 0 ... 0 0 0]
 [0 0 0 ... 0 0 0]
 [0 0 0 ... 0 0 0]
 ...
 [0 0 0 ... 0 0 0]
 [0 0 0 ... 0 0 0]
 [0 0 0 ... 0 0 0]]","[[38 37 37 ... 49 49 49]
 [37 37 37 ... 50 50 50]
 [37 37 37 ... 51 51 51]
 ...
 [41 41 40 ... 61 61 61]
 [41 41 40 ... 63 64 65]
 [41 41 41 ... 65 66 67]]","[ 3.48063725e-02  1.68237797e+01  9.84074259e-01  5.28125337e+02
  7.90811979e-01  7.53332551e+01  2.09567757e+03  5.34885089e+00
  6.10873902e+00  1.92368262e-03  1.49771887e+00 -6.42544614e-01
  9.98361927e-01]",white
frame_13.npy,"[[  0   0   0 ...   0   0   0]
 [255 255 255 ...   0   0   0]
 [  0   0   0 ...   0   0   0]
 ...
 [  0   0   0 ...   0   0   0]
 [255 255   0 ...   0   0   0]
 [  0   0 255 ...   0   0   0]]","[[22 22 23 ... 53 53 54]
 [36 36 36 ... 51 51 51]
 [50 50 50 ... 50 49 49]
 ...
 [62 52 56 ... 55 55 55]
 [68 59 65 ... 54 54 54]
 [74 67 74 ... 51 51 52]]","[ 3.14809665e-02  6.66459400e+01  9.53847205e-01  7.21858522e+02
  7.23751615e-01  8.03831395e+01  2.82078815e+03  5.81689636e+00
  7.01998883e+00  1.62575587e-03  2.10813942e+00 -5.80633008e-01
  9.98282065e-01]",white
frame_14.npy,"[[0 0 0 ... 0 0 0]
 [0 0 0 ... 0 0 0]
 [0 0 0 ... 0 0 0]
 ...
 [0 0 0 ... 0 0 0]
 [0 0 0 ... 0 0 0]
 [0 0 0 ... 0 0 0]]","[[36 36 36 ... 47 47 47]
 [36 36 36 ... 47 47 47]
 [36 36 36 ... 46 47 47]
 ...
 [37 37 37 ... 41 41 41]
 [37 37 37 ... 41 41 41]
 [37 37 37 ... 41 41 41]]","[ 5.50003519e-02  1.64791169e+01  9.95084738e-01  1.67582497e+03
  8.08265387e-01  9.56329341e+01  6.68682076e+03  5.35954025e+00
  6.13890909e+00  2.09836152e-03  1.59002672e+00 -6.77742386e-01
  9.99032879e-01]",white
frame_15.npy,"[[0 0 0 ... 0 0 0]
 [0 0 0 ... 0 0 0]
 [0 0 0 ... 0 0 0]
 ...
 [0 0 0 ... 0 0 0]
 [0 0 0 ... 0 0 0]
 [0 0 0 ... 0 0 0]]","[[39 39 39 ... 64 65 65]
 [38 38 38 ... 64 64 64]
 [37 37 37 ... 63 63 63]
 ...
 [42 42 42 ... 36 36 36]
 [42 42 42 ... 36 35 35]
 [42 42 42 ... 36 35 35]]","[ 4.61371816e-02  1.42349464e+01  9.90258098e-01  7.30504317e+02
  7.93548255e-01  7.63438245e+01  2.90778232e+03  5.32941490e+00
  6.15698814e+00  2.00345481e-03  1.60764090e+00 -6.45258261e-01
  9.98503308e-01]",white
frame_16.npy,"[[  0   0   0 ...   0   0   0]
 [255 255 255 ...   0   0   0]
 [  0   0   0 ...   0   0   0]
 ...
 [  0 255   0 ...   0   0   0]
 [  0 255   0 ...   0   0   0]
 [  0 255   0 ...   0   0   0]]","[[ 26  25  24 ...  59  59  59]
 [ 36  34  33 ...  59  59  59]
 [ 46  44  42 ...  59  59  59]
 ...
 [ 59 104 138 ...  56  56  55]
 [ 47  96 137 ...  57  56  56]
 [ 37  92 141 ...  56  56  56]]","[ 4.21298334e-02  3.11599090e+01  9.79387462e-01  7.56011935e+02
  7.79956912e-01  7.80265330e+01  2.99288783e+03  5.29288928e+00
  6.12728861e+00  1.87311579e-03  1.64752418e+00 -6.23914165e-01
  9.97937637e-01]",white
frame_17.npy,"[[0 0 0 ... 0 0 0]
 [0 0 0 ... 0 0 0]
 [0 0 0 ... 0 0 0]
 ...
 [0 0 0 ... 0 0 0]
 [0 0 0 ... 0 0 0]
 [0 0 0 ... 0 0 0]]","[[40 40 41 ... 56 56 57]
 [40 40 40 ... 60 61 62]
 [41 41 40 ... 63 65 66]
 ...
 [36 36 36 ... 78 78 78]
 [38 38 38 ... 79 79 78]
 [40 40 40 ... 79 78 78]]","[ 3.04187738e-02  1.89005935e+01  9.83643890e-01  5.77631596e+02
  7.59021180e-01  7.93219565e+01  2.29162579e+03  5.68865223e+00
  6.65152618e+00  1.78484344e-03  1.72487686e+00 -6.20416057e-01
  9.98650769e-01]",white
frame_18.npy,"[[  0   0 255 ...   0   0   0]
 [  0   0 255 ...   0   0   0]
 [  0 255   0 ...   0   0   0]
 ...
 [  0   0   0 ...   0   0   0]
 [  0   0   0 ...   0   0   0]
 [  0   0   0 ...   0   0   0]]","[[128 126 123 ...  61  60  60]
 [129 127 124 ...  61  60  60]
 [131 129 124 ...  61  60  60]
 ...
 [ 35  35  34 ...  64  64  64]
 [ 35  35  34 ...  65  65  65]
 [ 35  35  34 ...  66  65  65]]","[ 2.04191946e-02  1.00219603e+01  9.88465211e-01  4.34628547e+02
  7.92294946e-01  8.48875295e+01  1.72849223e+03  6.04769938e+00
  6.81515614e+00  1.96910941e-03  1.46681684e+00 -6.87806487e-01
  9.99579913e-01]",white
frame_19.npy,"[[  0   0   0 ...   0   0   0]
 [  0   0   0 ... 255 255   0]
 [  0   0   0 ...   0   0 255]
 ...
 [  0   0   0 ...   0   0   0]
 [  0   0   0 ...   0   0   0]
 [  0   0   0 ...   0   0   0]]","[[44 44 46 ... 60 61 62]
 [42 42 43 ... 58 58 59]
 [38 38 39 ... 52 53 53]
 ...
 [37 37 38 ... 38 38 38]
 [37 37 38 ... 38 38 38]
 [37 37 38 ... 38 38 38]]","[ 4.03810426e-02  1.45073489e+01  9.89893193e-01  7.17710089e+02
  7.88006091e-01  7.61793436e+01  2.85633301e+03  5.44549849e+00
  6.27300315e+00  1.97505442e-03  1.60612156e+00 -6.45695774e-01
  9.98663817e-01]",white
frame_2.npy,"[[  0   0   0 ...   0 255 255]
 [  0   0   0 ... 255 255   0]
 [  0   0   0 ...   0   0   0]
 ...
 [  0   0   0 ...   0   0   0]
 [255 255 255 ... 255 255 255]
 [  0   0   0 ...   0   0   0]]","[[36 36 37 ... 47 53 58]
 [37 37 37 ... 55 60 65]
 [38 37 37 ... 63 67 71]
 ...
 [35 35 35 ... 68 69 70]
 [34 34 34 ... 72 73 74]
 [35 35 35 ... 76 77 78]]","[ 2.94513258e-02  1.44427002e+01  9.90445175e-01  7.55572538e+02
  7.56708602e-01  8.10200329e+01  3.00784745e+03  5.75245290e+00
  6.70391824e+00  1.76544878e-03  1.71972350e+00 -6.26857289e-01
  9.98824022e-01]",white
frame_20.npy,"[[0 0 0 ... 0 0 0]
 [0 0 0 ... 0 0 0]
 [0 0 0 ... 0 0 0]
 ...
 [0 0 0 ... 0 0 0]
 [0 0 0 ... 0 0 0]
 [0 0 0 ... 0 0 0]]","[[43 43 43 ... 60 59 58]
 [42 42 41 ... 61 60 59]
 [41 40 40 ... 61 60 59]
 ...
 [36 36 36 ... 47 48 49]
 [37 36 36 ... 48 50 50]
 [37 36 36 ... 49 50 51]]","[ 3.37213051e-02  1.73086629e+01  9.79557687e-01  4.23246074e+02
  7.94608879e-01  7.43287535e+01  1.67567563e+03  5.51178066e+00
  6.27176564e+00  1.95406273e-03  1.48118942e+00 -6.56631365e-01
  9.98843733e-01]",white
frame_21.npy,"[[  0   0   0 ...   0   0   0]
 [  0   0   0 ... 255 255 255]
 [  0   0   0 ...   0   0   0]
 ...
 [  0   0   0 ... 255 255 255]
 [  0   0   0 ... 255   0   0]
 [  0   0   0 ...   0   0   0]]","[[39 38 38 ... 43 40 39]
 [37 37 37 ... 56 54 53]
 [35 35 36 ... 69 68 68]
 ...
 [35 35 35 ... 57 58 58]
 [34 34 34 ... 61 61 61]
 [34 34 34 ... 64 63 63]]","[ 3.09307308e-02  1.71466858e+01  9.82720672e-01  4.96030261e+02
  7.83184273e-01  7.62419469e+01  1.96697436e+03  5.64021238e+00
  6.44914105e+00  1.88730316e-03  1.52791555e+00 -6.51113932e-01
  9.98948822e-01]",white
frame_22.npy,"[[  0   0   0 ...   0   0   0]
 [  0   0   0 ...   0   0   0]
 [255 255 255 ... 255 255 255]
 ...
 [  0   0   0 ...   0   0   0]
 [  0   0   0 ...   0   0   0]
 [  0   0   0 ...   0   0   0]]","[[48 47 47 ... 60 60 60]
 [45 45 44 ... 56 57 57]
 [41 41 41 ... 52 52 53]
 ...
 [38 38 39 ... 46 46 46]
 [38 38 39 ... 46 46 46]
 [38 38 39 ... 46 46 46]]","[ 3.58023171e-02  1.51171467e+01  9.81825379e-01  4.15771959e+02
  7.86617019e-01  7.52824531e+01  1.64797069e+03  5.42260250e+00
  6.20506223e+00  1.92944102e-03  1.51302527e+00 -6.42429654e-01
  9.98501704e-01]",white
frame_23.npy,"[[  0   0   0 ... 255   0   0]
 [255 255 255 ...   0   0   0]
 [  0   0   0 ... 255 255 255]
 ...
 [  0 255   0 ...   0   0   0]
 [  0 255   0 ...   0   0   0]
 [255 255   0 ...   0   0   0]]","[[ 24  24  24 ...  60  63  64]
 [ 39  39  39 ...  58  61  62]
 [ 55  54  54 ...  56  58  59]
 ...
 [127  96  59 ...  43  42  42]
 [111  86  55 ...  47  46  46]
 [ 95  75  50 ...  50  49  49]]","[ 3.24126100e-02  4.89296119e+01  9.65591434e-01  7.10901084e+02
  7.25755048e-01  8.07947566e+01  2.79467472e+03  5.69947563e+00
  6.87239853e+00  1.61378291e-03  2.04891196e+00 -5.74517370e-01
  9.97894374e-01]",white
frame_24.npy,"[[  0   0   0 ...   0   0   0]
 [  0   0   0 ...   0   0   0]
 [  0   0   0 ...   0   0   0]
 ...
 [  0   0   0 ...   0   0   0]
 [  0   0   0 ... 255 255 255]
 [  0   0   0 ...   0   0   0]]","[[37 37 37 ... 66 66 66]
 [37 37 37 ... 64 64 63]
 [37 37 38 ... 60 60 60]
 ...
 [37 36 36 ... 66 64 62]
 [36 36 36 ... 71 69 67]
 [36 35 35 ... 75 72 71]]","[ 3.39726062e-02  1.64517802e+01  9.80805369e-01  4.28446868e+02
  7.90249173e-01  7.52688134e+01  1.69733569e+03  5.53064004e+00
  6.30849316e+00  1.92917672e-03  1.50841398e+00 -6.53543866e-01
  9.98834452e-01]",white
frame_25.npy,"[[  0   0   0 ...   0   0   0]
 [  0   0   0 ... 255 255 255]
 [  0   0 255 ...   0   0   0]
 ...
 [  0   0   0 ...   0   0   0]
 [  0   0   0 ...   0   0   0]
 [  0   0   0 ...   0   0   0]]","[[42 42 43 ... 49 49 48]
 [40 40 41 ... 61 60 60]
 [37 37 37 ... 73 72 72]
 ...
 [34 34 34 ... 49 49 49]
 [34 34 34 ... 49 49 49]
 [34 34 34 ... 49 49 49]]","[ 3.05084909e-02  1.44338983e+01  9.89568339e-01  6.91628819e+02
  7.61079885e-01  8.01454376e+01  2.75208138e+03  5.69065505e+00
  6.62007990e+00  1.80847390e-03  1.68971216e+00 -6.27466579e-01
  9.98743725e-01]",white
frame_26.npy,"[[  0   0   0 ...   0   0   0]
 [  0   0   0 ... 255 255   0]
 [  0   0   0 ...   0 255   0]
 ...
 [  0   0   0 ...   0   0   0]
 [  0   0   0 ... 255 255 255]
 [  0   0   0 ...   0   0   0]]","[[35 34 35 ... 54 55 56]
 [35 34 35 ... 53 54 55]
 [35 34 35 ... 52 53 55]
 ...
 [33 33 34 ... 58 61 64]
 [33 34 34 ... 70 71 71]
 [34 34 35 ... 79 78 77]]","[ 3.12563742e-02  1.71137782e+01  9.83054975e-01  5.04906983e+02
  7.82787040e-01  7.76844893e+01  2.00251415e+03  5.59250809e+00
  6.40719091e+00  1.89318627e-03  1.54463065e+00 -6.47792209e-01
  9.98850919e-01]",white
frame_27.npy,"[[0 0 0 ... 0 0 0]
 [0 0 0 ... 0 0 0]
 [0 0 0 ... 0 0 0]
 ...
 [0 0 0 ... 0 0 0]
 [0 0 0 ... 0 0 0]
 [0 0 0 ... 0 0 0]]","[[37 37 37 ... 58 59 59]
 [37 37 37 ... 57 57 58]
 [37 37 37 ... 55 55 55]
 ...
 [41 41 42 ... 36 37 37]
 [40 41 42 ... 36 37 37]
 [40 40 42 ... 36 37 37]]","[ 4.62651147e-02  1.14493489e+01  9.88909067e-01  5.16123196e+02
  7.93492930e-01  7.43668171e+01  2.05304344e+03  5.10811376e+00
  5.89259741e+00  2.01085635e-03  1.54128963e+00 -6.26054601e-01
  9.97537160e-01]",white
frame_28.npy,"[[  0   0   0 ...   0   0   0]
 [255 255 255 ...   0   0   0]
 [  0   0   0 ...   0   0   0]
 ...
 [  0 255 255 ... 255   0   0]
 [  0 255   0 ...   0   0   0]
 [255 255   0 ... 255   0   0]]","[[ 36  36  37 ...  55  60  63]
 [ 45  46  46 ...  57  59  60]
 [ 54  54  54 ...  58  58  57]
 ...
 [153 124  85 ...  43  43  44]
 [130 102  67 ...  44  44  44]
 [115  88  58 ...  44  44  44]]","[ 3.44767912e-02  3.93956650e+01  9.71040930e-01  6.80612737e+02
  7.30880534e-01  7.97864016e+01  2.68305528e+03  5.64829923e+00
  6.76750842e+00  1.66851291e-03  1.97290013e+00 -5.80595657e-01
  9.97873747e-01]",white
frame_29.npy,"[[  0   0   0 ...   0   0   0]
 [  0   0   0 ... 255 255 255]
 [  0 255 255 ...   0   0   0]
 ...
 [  0   0   0 ...   0   0   0]
 [  0   0   0 ...   0   0   0]
 [  0   0   0 ...   0   0   0]]","[[39 39 39 ... 36 35 36]
 [38 38 38 ... 51 51 52]
 [38 37 37 ... 67 68 68]
 ...
 [35 34 34 ... 51 51 52]
 [35 34 34 ... 55 56 56]
 [35 34 34 ... 59 60 60]]","[ 3.13663030e-02  1.39392527e+01  9.90214809e-01  7.12052486e+02
  7.56778758e-01  8.00184367e+01  2.83427069e+03  5.63566438e+00
  6.59030203e+00  1.78615125e-03  1.70638634e+00 -6.15515729e-01
  9.98475399e-01]",white
frame_3.npy,"[[  0   0   0 ...   0   0   0]
 [255 255 255 ...   0   0   0]
 [  0   0   0 ...   0   0   0]
 ...
 [  0   0   0 ...   0   0   0]
 [  0   0 255 ...   0   0   0]
 [  0   0   0 ...   0   0   0]]","[[ 20  20  20 ...  45  45  46]
 [ 36  36  36 ...  44  44  44]
 [ 52  52  52 ...  43  42  42]
 ...
 [161 163 154 ...  49  49  49]
 [158 172 174 ...  51  51  51]
 [161 182 190 ...  53  53  53]]","[ 3.57399647e-02  1.02079204e+02  9.44746958e-01  9.25489872e+02
  7.31334679e-01  8.51990872e+01  3.59988028e+03  5.71378921e+00
  6.88860247e+00  1.63717604e-03  2.12009514e+00 -5.80243771e-01
  9.98071671e-01]",white
frame_30.npy,"[[  0   0   0 ...   0   0   0]
 [  0   0   0 ... 255 255 255]
 [  0   0   0 ...   0   0   0]
 ...
 [  0   0   0 ...   0   0   0]
 [  0   0   0 ... 255 255 255]
 [  0   0   0 ...   0   0   0]]","[[39 40 42 ... 34 30 26]
 [38 39 40 ... 56 55 54]
 [36 37 38 ... 77 80 82]
 ...
 [39 41 42 ... 75 77 81]
 [39 40 42 ... 80 83 86]
 [38 39 41 ... 84 88 91]]","[ 2.55155824e-02  1.94078655e+01  9.83550718e-01  5.89814037e+02
  7.49843077e-01  8.14251520e+01  2.33984828e+03  5.86187548e+00
  6.86945637e+00  1.75747430e-03  1.73658690e+00 -6.18659449e-01
  9.98858170e-01]",white
frame_31.npy,"[[  0   0   0 ...   0   0   0]
 [255 255 255 ...   0   0   0]
 [  0   0   0 ...   0   0   0]
 ...
 [  0 255   0 ...   0   0   0]
 [  0 255   0 ...   0   0   0]
 [  0 255   0 ...   0   0   0]]","[[ 23  23  24 ...  43  43  43]
 [ 35  36  36 ...  41  41  41]
 [ 49  49  50 ...  39  38  38]
 ...
 [139 151 161 ...  36  36  36]
 [134 152 171 ...  36  36  36]
 [130 154 177 ...  36  36  36]]","[ 2.90980000e-02  9.28199603e+01  9.53671362e-01  1.00343234e+03
  7.02433600e-01  8.66976624e+01  3.92090938e+03  5.92112130e+00
  7.25618698e+00  1.52240058e-03  2.28789519e+00 -5.59896132e-01
  9.98076733e-01]",white
frame_32.npy,"[[0 0 0 ... 0 0 0]
 [0 0 0 ... 0 0 0]
 [0 0 0 ... 0 0 0]
 ...
 [0 0 0 ... 0 0 0]
 [0 0 0 ... 0 0 0]
 [0 0 0 ... 0 0 0]]","[[ 32  32  32 ... 141 141 141]
 [ 32  32  32 ... 141 141 141]
 [ 32  32  32 ... 141 141 141]
 ...
 [ 35  35  35 ...  33  33  33]
 [ 35  35  35 ...  33  33  33]
 [ 35  35  35 ...  33  33  33]]","[ 2.50428058e-02  9.60320953e-01  9.99807286e-01  2.49154125e+03
  8.24911433e-01  1.33438730e+02  9.96520470e+03  6.57333938e+00
  7.16196717e+00  2.78802482e-03  1.24551839e+00 -7.73741721e-01
  9.99937404e-01]",white
frame_33.npy,"[[  0   0   0 ... 255   0   0]
 [  0   0   0 ... 255 255 255]
 [  0   0   0 ...   0   0   0]
 ...
 [  0   0   0 ... 255 255 255]
 [  0   0   0 ...   0   0   0]
 [  0   0   0 ...   0   0   0]]","[[45 45 45 ... 52 51 51]
 [43 43 43 ... 60 60 61]
 [41 41 41 ... 67 69 69]
 ...
 [37 36 36 ... 75 76 77]
 [37 37 37 ... 77 78 79]
 [39 39 39 ... 78 79 79]]","[ 2.76546110e-02  1.86207226e+01  9.86132517e-01  6.71201633e+02
  7.50468035e-01  8.20533099e+01  2.66618581e+03  5.79134315e+00
  6.80072346e+00  1.76196576e-03  1.76793027e+00 -6.16189823e-01
  9.98748701e-01]",white
frame_34.npy,"[[0 0 0 ... 0 0 0]
 [0 0 0 ... 0 0 0]
 [0 0 0 ... 0 0 0]
 ...
 [0 0 0 ... 0 0 0]
 [0 0 0 ... 0 0 0]
 [0 0 0 ... 0 0 0]]","[[40 40 40 ... 60 58 55]
 [39 39 39 ... 65 62 60]
 [39 39 39 ... 68 67 65]
 ...
 [35 35 35 ... 70 70 70]
 [36 36 36 ... 71 71 71]
 [36 36 36 ... 71 71 71]]","[ 2.81763070e-02  1.45220386e+01  9.88955535e-01  6.57258027e+02
  7.52386185e-01  8.11427862e+01  2.61451007e+03  5.75269107e+00
  6.73290635e+00  1.75040754e-03  1.73370296e+00 -6.18152280e-01
  9.98706979e-01]",white
frame_35.npy,"[[0 0 0 ... 0 0 0]
 [0 0 0 ... 0 0 0]
 [0 0 0 ... 0 0 0]
 ...
 [0 0 0 ... 0 0 0]
 [0 0 0 ... 0 0 0]
 [0 0 0 ... 0 0 0]]","[[36 35 36 ... 58 58 58]
 [39 38 38 ... 57 57 57]
 [41 40 40 ... 55 55 55]
 ...
 [45 43 42 ... 71 72 71]
 [46 44 43 ... 73 73 73]
 [46 44 43 ... 73 73 74]]","[ 3.81190582e-02  9.16840659e-01  9.81811979e-01  2.52291478e+01
  8.05437865e-01  6.93705189e+01  9.99997507e+01  4.99889614e+00
  5.64561036e+00  5.03994646e-03  1.24089491e+00 -6.36168759e-01
  9.97245806e-01]",white
frame_36.npy,"[[0 0 0 ... 0 0 0]
 [0 0 0 ... 0 0 0]
 [0 0 0 ... 0 0 0]
 ...
 [0 0 0 ... 0 0 0]
 [0 0 0 ... 0 0 0]
 [0 0 0 ... 0 0 0]]","[[ 36  36  37 ...  77  78  78]
 [ 36  36  36 ...  76  76  76]
 [ 35  35  36 ...  75  75  75]
 ...
 [ 19  20  21 ... 104 106 107]
 [ 21  22  22 ...  96  98 100]
 [ 22  22  22 ...  88  91  92]]","[ 1.46690436e-02  1.26583433e+01  9.89301819e-01  5.91638854e+02
  7.38439409e-01  9.41953684e+01  2.35389707e+03  6.45362656e+00
  7.51141385e+00  1.70440977e-03  1.75327223e+00 -6.46392612e-01
  9.99589449e-01]",white
frame_37.npy,"[[0 0 0 ... 0 0 0]
 [0 0 0 ... 0 0 0]
 [0 0 0 ... 0 0 0]
 ...
 [0 0 0 ... 0 0 0]
 [0 0 0 ... 0 0 0]
 [0 0 0 ... 0 0 0]]","[[38 36 35 ... 57 58 58]
 [37 36 35 ... 58 58 57]
 [37 36 35 ... 58 58 57]
 ...
 [41 40 39 ... 79 77 76]
 [42 41 40 ... 77 76 75]
 [43 42 41 ... 74 73 72]]","[ 3.25931725e-02  9.72537679e+00  9.90485711e-01  5.11103758e+02
  7.84483636e-01  7.83326390e+01  2.03468966e+03  5.43040925e+00
  6.21714729e+00  1.88297233e-03  1.47320317e+00 -6.39641514e-01
  9.98460031e-01]",white
frame_39.npy,"[[0 0 0 ... 0 0 0]
 [0 0 0 ... 0 0 0]
 [0 0 0 ... 0 0 0]
 ...
 [0 0 0 ... 0 0 0]
 [0 0 0 ... 0 0 0]
 [0 0 0 ... 0 0 0]]","[[35 35 35 ... 58 61 62]
 [35 35 35 ... 58 61 62]
 [35 35 35 ... 58 60 63]
 ...
 [37 37 37 ... 85 84 83]
 [37 38 38 ... 88 88 87]
 [38 38 39 ... 90 90 89]]","[ 1.96169795e-02  1.88729448e+01  9.84292772e-01  6.00632814e+02
  7.44614090e-01  8.02197670e+01  2.38365831e+03  6.11499234e+00
  7.14407472e+00  1.72623303e-03  1.74148721e+00 -6.30043090e-01
  9.99249068e-01]",white
frame_4.npy,"[[  0   0   0 ...   0   0   0]
 [255 255 255 ... 255 255 255]
 [  0   0   0 ...   0   0   0]
 ...
 [255 255   0 ...   0   0   0]
 [255   0   0 ...   0   0   0]
 [255   0   0 ...   0   0   0]]","[[ 19  19  18 ...  64  64  65]
 [ 32  32  31 ...  59  59  59]
 [ 45  45  45 ...  53  52  52]
 ...
 [101  77  60 ...  43  43  43]
 [ 81  57  45 ...  44  44  44]
 [ 70  44  34 ...  45  45  45]]","[ 3.07796115e-02  7.15541929e+01  9.51476045e-01  7.37214344e+02
  7.16452690e-01  8.16455793e+01  2.87730318e+03  5.80836137e+00
  7.05732615e+00  1.59100073e-03  2.15839797e+00 -5.67974503e-01
  9.98007012e-01]",white
frame_40.npy,"[[  0   0   0 ...   0   0   0]
 [  0   0   0 ... 255 255 255]
 [255 255 255 ...   0   0   0]
 ...
 [255 255   0 ...   0   0   0]
 [  0   0   0 ...   0   0   0]
 [  0   0   0 ...   0   0   0]]","[[39 39 40 ... 34 34 35]
 [37 38 39 ... 56 56 56]
 [36 36 37 ... 79 79 78]
 ...
 [37 37 39 ... 79 77 76]
 [39 40 41 ... 80 79 78]
 [41 41 42 ... 81 79 79]]","[ 2.33212754e-02  1.87278742e+01  9.83736912e-01  5.75643215e+02
  7.49284215e-01  8.03213572e+01  2.28384499e+03  5.98357177e+00
  6.99001181e+00  1.75491359e-03  1.72694909e+00 -6.27591781e-01
  9.99101347e-01]",white
frame_41.npy,"[[  0   0   0 ...   0   0   0]
 [255 255 255 ... 255   0   0]
 [  0   0   0 ...   0 255 255]
 ...
 [  0   0   0 ...   0   0   0]
 [  0   0   0 ...   0   0   0]
 [  0   0   0 ...   0   0   0]]","[[44 44 45 ... 32 31 30]
 [41 41 41 ... 50 49 48]
 [38 38 38 ... 70 69 68]
 ...
 [41 39 38 ... 94 93 94]
 [41 40 39 ... 94 93 94]
 [41 40 40 ... 94 93 94]]","[ 1.82899403e-02  1.71197984e+01  9.85574644e-01  5.93283054e+02
  7.36725757e-01  8.33606935e+01  2.35601242e+03  6.24945670e+00
  7.31125708e+00  1.68779960e-03  1.76314631e+00 -6.31652423e-01
  9.99369544e-01]",white
frame_42.npy,"[[  0   0   0 ...   0   0   0]
 [  0   0   0 ... 255 255 255]
 [  0   0   0 ...   0   0   0]
 ...
 [  0   0   0 ...   0   0   0]
 [  0   0   0 ...   0   0   0]
 [  0   0   0 ...   0   0   0]]","[[44 43 43 ... 33 34 34]
 [41 41 41 ... 58 59 60]
 [38 39 39 ... 85 86 86]
 ...
 [37 38 39 ... 80 80 79]
 [38 39 40 ... 85 84 84]
 [39 40 41 ... 88 88 87]]","[ 1.96725911e-02  1.90742474e+01  9.83709528e-01  5.85325239e+02
  7.40727365e-01  8.24601600e+01  2.32222671e+03  6.17186503e+00
  7.22473811e+00  1.69975703e-03  1.76103339e+00 -6.29378167e-01
  9.99294049e-01]",white
frame_43.npy,"[[  0   0   0 ... 255   0   0]
 [  0   0   0 ... 255   0   0]
 [  0   0   0 ...   0 255   0]
 ...
 [  0   0   0 ...   0   0   0]
 [  0   0   0 ...   0   0   0]
 [  0   0   0 ...   0   0   0]]","[[35 35 35 ... 72 78 82]
 [35 35 35 ... 73 78 82]
 [35 35 35 ... 74 78 82]
 ...
 [34 34 34 ... 72 72 72]
 [34 34 34 ... 74 75 75]
 [34 34 34 ... 75 77 78]]","[ 8.77060183e-03  3.84294112e+01  9.86872620e-01  1.46336732e+03
  6.67685668e-01  1.04358359e+02  5.81503988e+03  7.00405696e+00
  8.54737484e+00  1.35509174e-03  2.28896628e+00 -5.91365640e-01
  9.99586972e-01]",white
frame_45.npy,"[[  0   0   0 ...   0   0   0]
 [255 255 255 ...   0   0   0]
 [  0   0   0 ...   0   0   0]
 ...
 [  0 255   0 ...   0   0   0]
 [  0 255   0 ...   0   0   0]
 [  0 255   0 ...   0   0   0]]","[[ 24  24  25 ...  56  56  57]
 [ 35  36  37 ...  56  58  59]
 [ 48  49  49 ...  55  57  59]
 ...
 [100  73  42 ...  43  43  44]
 [103  71  35 ...  43  43  43]
 [106  70  31 ...  43  43  43]]","[ 2.95956025e-02  4.09944021e+01  9.70922144e-01  7.05047399e+02
  7.28154101e-01  8.05157513e+01  2.77919520e+03  5.76328746e+00
  6.91574208e+00  1.62954568e-03  2.00193683e+00 -5.84024827e-01
  9.98214747e-01]",white
frame_46.npy,"[[  0   0   0 ...   0   0   0]
 [  0   0   0 ...   0   0   0]
 [  0   0   0 ... 255 255 255]
 ...
 [  0   0   0 ...   0   0   0]
 [  0   0   0 ...   0   0   0]
 [  0   0   0 ...   0   0   0]]","[[44 44 44 ... 63 62 62]
 [42 42 42 ... 60 59 59]
 [39 39 39 ... 55 55 55]
 ...
 [42 41 40 ... 37 38 38]
 [42 41 40 ... 38 38 39]
 [42 41 40 ... 38 39 39]]","[ 3.80126726e-02  1.65656144e+01  9.88552131e-01  7.23500812e+02
  7.77659313e-01  7.79047162e+01  2.87743763e+03  5.44714347e+00
  6.31926390e+00  1.86974738e-03  1.66282133e+00 -6.31276909e-01
  9.98439984e-01]",white
frame_47.npy,"[[  0   0   0 ...   0   0   0]
 [255 255 255 ...   0   0   0]
 [  0   0   0 ...   0   0   0]
 ...
 [  0   0 255 ...   0   0   0]
 [  0   0 255 ...   0   0   0]
 [  0   0   0 ...   0   0   0]]","[[28 28 27 ... 47 45 44]
 [36 36 35 ... 47 45 44]
 [49 49 49 ... 47 44 43]
 ...
 [36 49 69 ... 20 21 21]
 [34 42 56 ... 21 22 22]
 [32 38 48 ... 21 22 23]]","[ 3.77264611e-02  2.41860641e+01  9.68191874e-01  3.80382065e+02
  7.83165041e-01  7.47549865e+01  1.49734220e+03  5.36674123e+00
  6.20708031e+00  1.93182475e-03  1.63879358e+00 -6.31182117e-01
  9.98265758e-01]",white
frame_48.npy,"[[  0   0   0 ...   0   0   0]
 [  0   0   0 ... 255 255 255]
 [  0   0   0 ...   0   0   0]
 ...
 [  0   0   0 ...   0   0   0]
 [  0   0   0 ... 255 255 255]
 [  0   0   0 ...   0   0   0]]","[[46 46 46 ... 24 26 28]
 [45 44 44 ... 55 57 59]
 [44 43 42 ... 88 91 93]
 ...
 [37 36 36 ... 87 87 88]
 [36 36 36 ... 90 90 90]
 [36 36 36 ... 96 95 95]]","[ 9.67024124e-03  3.73556445e+01  9.86180138e-01  1.35119579e+03
  6.72846263e-01  1.02857879e+02  5.36742750e+03  6.96221188e+00
  8.46596874e+00  1.37508034e-03  2.25398292e+00 -5.96160043e-01
  9.99593110e-01]",white
frame_49.npy,"[[0 0 0 ... 0 0 0]
 [0 0 0 ... 0 0 0]
 [0 0 0 ... 0 0 0]
 ...
 [0 0 0 ... 0 0 0]
 [0 0 0 ... 0 0 0]
 [0 0 0 ... 0 0 0]]","[[34 34 34 ... 51 51 51]
 [34 34 34 ... 51 51 51]
 [34 34 34 ... 50 50 50]
 ...
 [39 40 41 ... 78 76 74]
 [40 40 40 ... 79 77 76]
 [40 40 40 ... 80 78 77]]","[ 2.87922960e-02  1.37858165e+01  9.88721983e-01  6.11131034e+02
  7.69501243e-01  7.78507055e+01  2.43073832e+03  5.79399114e+00
  6.69249400e+00  1.83846318e-03  1.63813444e+00 -6.43439220e-01
  9.99065026e-01]",white
frame_5.npy,"[[0 0 0 ... 0 0 0]
 [0 0 0 ... 0 0 0]
 [0 0 0 ... 0 0 0]
 ...
 [0 0 0 ... 0 0 0]
 [0 0 0 ... 0 0 0]
 [0 0 0 ... 0 0 0]]","[[30 30 30 ... 36 36 36]
 [30 30 30 ... 36 36 36]
 [30 30 30 ... 36 36 36]
 ...
 [39 40 41 ... 49 49 49]
 [40 41 41 ... 51 51 51]
 [41 41 41 ... 53 52 52]]","[ 4.54559274e-02  1.47800654e+01  9.90661721e-01  7.91549894e+02
  7.90546964e-01  7.75755719e+01  3.15141951e+03  5.42702863e+00
  6.27893325e+00  1.97204183e-03  1.64852558e+00 -6.49476212e-01
  9.98739449e-01]",white
frame_50.npy,"[[0 0 0 ... 0 0 0]
 [0 0 0 ... 0 0 0]
 [0 0 0 ... 0 0 0]
 ...
 [0 0 0 ... 0 0 0]
 [0 0 0 ... 0 0 0]
 [0 0 0 ... 0 0 0]]","[[36 36 36 ... 70 66 64]
 [36 36 36 ... 71 67 65]
 [36 36 36 ... 72 68 66]
 ...
 [35 35 35 ... 54 55 55]
 [37 37 37 ... 55 56 56]
 [38 38 38 ... 56 57 57]]","[ 2.93194842e-02  1.53574799e+01  9.87695067e-01  6.23916891e+02
  7.68414202e-01  7.73934506e+01  2.48031009e+03  5.74176755e+00
  6.63974416e+00  1.84800367e-03  1.64562696e+00 -6.38713693e-01
  9.98949688e-01]",white
frame_51.npy,"[[0 0 0 ... 0 0 0]
 [0 0 0 ... 0 0 0]
 [0 0 0 ... 0 0 0]
 ...
 [0 0 0 ... 0 0 0]
 [0 0 0 ... 0 0 0]
 [0 0 0 ... 0 0 0]]","[[36 35 35 ... 67 68 69]
 [36 36 35 ... 67 69 70]
 [36 36 35 ... 67 69 71]
 ...
 [35 36 36 ... 68 69 70]
 [35 36 36 ... 68 69 69]
 [35 36 36 ... 68 69 69]]","[ 1.96740589e-02  8.94165086e+00  9.88871906e-01  4.02257521e+02
  7.77068616e-01  8.62833231e+01  1.60008843e+03  6.08581690e+00
  6.90123307e+00  1.88957117e-03  1.48259421e+00 -6.72443790e-01
  9.99509958e-01]",white
frame_52.npy,"[[0 0 0 ... 0 0 0]
 [0 0 0 ... 0 0 0]
 [0 0 0 ... 0 0 0]
 ...
 [0 0 0 ... 0 0 0]
 [0 0 0 ... 0 0 0]
 [0 0 0 ... 0 0 0]]","[[36 36 36 ... 66 66 67]
 [36 36 36 ... 66 66 67]
 [36 36 36 ... 66 66 66]
 ...
 [34 34 34 ... 65 64 63]
 [34 34 34 ... 66 65 65]
 [34 34 35 ... 66 66 66]]","[ 2.05640580e-02  8.96674195e+00  9.89146841e-01  4.13579413e+02
  7.81672119e-01  8.53023419e+01  1.64535091e+03  6.02273518e+00
  6.82799497e+00  1.90564005e-03  1.47637612e+00 -6.72811038e-01
  9.99475454e-01]",white
frame_53.npy,"[[  0   0   0 ...   0   0   0]
 [  0   0   0 ...   0   0   0]
 [255 255 255 ...   0   0   0]
 ...
 [  0   0   0 ... 255 255 255]
 [255 255   0 ...   0   0   0]
 [  0 255   0 ...   0   0   0]]","[[ 25  25  26 ...  44  45  46]
 [ 27  28  29 ...  43  44  44]
 [ 33  34  36 ...  43  42  42]
 ...
 [142 154 161 ...  46  46  46]
 [120 141 157 ...  51  51  50]
 [102 130 153 ...  55  54  53]]","[ 2.66782797e-02  1.12264807e+02  9.34785224e-01  8.61699356e+02
  7.04495178e-01  8.56458271e+01  3.33453262e+03  6.00890248e+00
  7.33001735e+00  1.51826387e-03  2.26683011e+00 -5.67676065e-01
  9.98379287e-01]",white
frame_54.npy,"[[  0   0   0 ...   0   0   0]
 [  0   0   0 ...   0   0   0]
 [  0   0   0 ...   0   0   0]
 ...
 [  0   0   0 ... 255 255 255]
 [  0   0   0 ...   0   0   0]
 [  0   0   0 ...   0   0   0]]","[[37 37 37 ... 36 36 36]
 [37 37 37 ... 36 36 36]
 [37 37 37 ... 36 36 36]
 ...
 [43 43 43 ... 54 55 55]
 [42 42 42 ... 46 46 46]
 [42 42 42 ... 46 45 45]]","[ 7.56388113e-02  4.45677509e+00  9.94456139e-01  4.02288261e+02
  8.83055721e-01  7.14303267e+01  1.60469627e+03  4.48814073e+00
  4.87354960e+00  2.65653874e-03  1.01857398e+00 -7.33588909e-01
  9.98171757e-01]",white
frame_55.npy,"[[  0   0   0 ...   0   0   0]
 [  0   0   0 ... 255 255 255]
 [  0   0   0 ...   0   0   0]
 ...
 [  0   0   0 ...   0   0   0]
 [  0   0   0 ...   0   0   0]
 [  0   0   0 ...   0   0   0]]","[[40 42 43 ... 44 44 44]
 [39 40 41 ... 64 64 65]
 [38 39 38 ... 83 84 84]
 ...
 [35 36 37 ... 90 90 91]
 [36 36 37 ... 90 91 92]
 [38 37 37 ... 89 90 91]]","[ 2.02091530e-02  2.00120613e+01  9.84382409e-01  6.40562264e+02
  7.39671495e-01  8.42310518e+01  2.54223699e+03  6.09209409e+00
  7.16300886e+00  1.70179842e-03  1.79330507e+00 -6.19870284e-01
  9.99137290e-01]",white
frame_56.npy,"[[0 0 0 ... 0 0 0]
 [0 0 0 ... 0 0 0]
 [0 0 0 ... 0 0 0]
 ...
 [0 0 0 ... 0 0 0]
 [0 0 0 ... 0 0 0]
 [0 0 0 ... 0 0 0]]","[[36 36 35 ... 74 74 74]
 [35 35 35 ... 73 73 73]
 [35 35 35 ... 72 73 73]
 ...
 [34 34 34 ... 71 72 72]
 [34 34 34 ... 72 73 74]
 [34 34 34 ... 73 74 75]]","[ 1.92443637e-02  2.39855389e+01  9.86942638e-01  9.18248309e+02
  7.40126564e-01  9.40937443e+01  3.64900770e+03  6.37161788e+00
  7.46267823e+00  1.67203234e-03  1.82020069e+00 -6.37154595e-01
  9.99501707e-01]",white
frame_57.npy,"[[  0   0   0 ...   0   0   0]
 [  0   0   0 ... 255 255 255]
 [255 255 255 ...   0   0   0]
 ...
 [  0   0   0 ... 255 255 255]
 [  0   0   0 ...   0   0   0]
 [  0   0   0 ...   0   0   0]]","[[41 41 41 ... 52 52 53]
 [39 39 40 ... 66 67 67]
 [37 37 38 ... 80 80 81]
 ...
 [35 35 35 ... 69 70 70]
 [35 35 36 ... 75 76 76]
 [35 35 36 ... 80 80 80]]","[ 2.35998630e-02  1.84444626e+01  9.88283843e-01  7.87032874e+02
  7.53640099e-01  8.52124827e+01  3.12968703e+03  5.92356678e+00
  6.90440142e+00  1.73721413e-03  1.72149287e+00 -6.28503740e-01
  9.99043189e-01]",white
frame_58.npy,"[[  0   0   0 ...   0   0   0]
 [255 255 255 ...   0   0   0]
 [  0   0   0 ... 255 255 255]
 ...
 [  0   0 255 ... 255 255   0]
 [255 255   0 ...   0   0   0]
 [  0 255   0 ...   0   0   0]]","[[ 17  17  17 ...  63  62  61]
 [ 32  32  31 ...  60  58  57]
 [ 49  47  46 ...  55  54  54]
 ...
 [ 71  90 119 ...  75  76  77]
 [ 39  77 126 ...  69  71  72]
 [ 16  66 126 ...  65  66  68]]","[ 3.22176042e-02  6.10059632e+01  8.91392419e-01  2.81437369e+02
  7.44564590e-01  7.42470645e+01  1.06474351e+03  5.54208778e+00
  6.59816575e+00  1.70167008e-03  1.89240623e+00 -5.85504959e-01
  9.97710330e-01]",white
frame_59.npy,"[[  0   0   0 ...   0   0   0]
 [  0   0   0 ... 255 255 255]
 [  0   0   0 ...   0   0   0]
 ...
 [  0   0   0 ...   0   0   0]
 [  0   0   0 ...   0   0   0]
 [  0   0   0 ...   0   0   0]]","[[48 46 43 ... 34 29 25]
 [47 47 47 ... 54 54 53]
 [47 49 51 ... 76 79 82]
 ...
 [42 41 39 ... 74 74 75]
 [42 41 40 ... 75 76 76]
 [42 41 40 ... 76 76 76]]","[ 2.67905051e-02  6.96895168e+00  9.88628397e-01  3.06813517e+02
  7.73038074e-01  7.81492759e+01  1.22028512e+03  5.75143574e+00
  6.59675803e+00  1.85220954e-03  1.51885372e+00 -6.46185162e-01
  9.99014869e-01]",white
frame_6.npy,"[[  0   0   0 ...   0   0   0]
 [  0   0   0 ... 255 255 255]
 [  0   0   0 ...   0   0   0]
 ...
 [  0   0   0 ...   0   0   0]
 [  0   0   0 ...   0   0   0]
 [  0   0   0 ...   0   0   0]]","[[42 41 41 ... 56 52 47]
 [40 39 39 ... 67 62 56]
 [38 37 37 ... 76 70 65]
 ...
 [35 35 35 ... 75 76 78]
 [35 35 35 ... 75 77 79]
 [35 35 35 ... 74 76 78]]","[ 2.74037775e-02  1.64974199e+01  9.87298623e-01  6.49270764e+02
  7.56000452e-01  7.96437123e+01  2.58058564e+03  5.82427186e+00
  6.80053333e+00  1.76169387e-03  1.73306380e+00 -6.26974370e-01
  9.98927586e-01]",white
frame_60.npy,"[[  0   0   0 ...   0   0   0]
 [  0   0   0 ...   0   0   0]
 [  0   0   0 ...   0   0   0]
 ...
 [  0   0   0 ... 255   0   0]
 [  0   0   0 ...   0 255 255]
 [  0   0   0 ...   0   0   0]]","[[37 37 38 ... 48 48 48]
 [37 37 38 ... 48 48 48]
 [38 38 38 ... 48 48 48]
 ...
 [36 36 36 ... 73 74 74]
 [36 36 35 ... 79 79 80]
 [36 36 35 ... 82 82 83]]","[ 2.35531981e-02  1.70498199e+01  9.90593487e-01  9.06167836e+02
  7.52970166e-01  8.94740120e+01  3.60762153e+03  6.06698259e+00
  7.09734205e+00  1.73854001e-03  1.80707971e+00 -6.36449705e-01
  9.99292696e-01]",white
frame_61.npy,"[[0 0 0 ... 0 0 0]
 [0 0 0 ... 0 0 0]
 [0 0 0 ... 0 0 0]
 ...
 [0 0 0 ... 0 0 0]
 [0 0 0 ... 0 0 0]
 [0 0 0 ... 0 0 0]]","[[37 37 37 ... 69 70 70]
 [37 37 37 ... 70 70 71]
 [37 37 36 ... 71 72 72]
 ...
 [34 34 34 ... 80 80 80]
 [34 34 34 ... 82 82 82]
 [35 34 34 ... 83 84 84]]","[ 1.68872666e-02  1.21761198e+01  9.88901181e-01  5.48597029e+02
  7.52631241e-01  9.08538184e+01  2.18221200e+03  6.26497401e+00
  7.22517335e+00  1.73930369e-03  1.63168051e+00 -6.51227847e-01
  9.99500622e-01]",white
frame_62.npy,"[[0 0 0 ... 0 0 0]
 [0 0 0 ... 0 0 0]
 [0 0 0 ... 0 0 0]
 ...
 [0 0 0 ... 0 0 0]
 [0 0 0 ... 0 0 0]
 [0 0 0 ... 0 0 0]]","[[35 35 35 ... 42 42 42]
 [35 35 35 ... 42 42 42]
 [35 35 35 ... 42 42 42]
 ...
 [36 36 36 ... 46 47 47]
 [36 36 36 ... 46 47 47]
 [36 36 36 ... 46 47 47]]","[ 6.56047147e-02  4.67337183e-01  9.91433970e-01  2.72826332e+01
  8.86367076e-01  7.11958855e+01  1.08663196e+02  4.55462898e+00
  4.86054402e+00  5.74440513e-03  8.66718381e-01 -7.44129743e-01
  9.98368199e-01]",white
frame_63.npy,"[[0 0 0 ... 0 0 0]
 [0 0 0 ... 0 0 0]
 [0 0 0 ... 0 0 0]
 ...
 [0 0 0 ... 0 0 0]
 [0 0 0 ... 0 0 0]
 [0 0 0 ... 0 0 0]]","[[34 34 34 ... 36 36 36]
 [34 34 34 ... 36 36 36]
 [34 34 34 ... 36 36 36]
 ...
 [36 36 36 ... 35 35 35]
 [36 36 36 ... 35 35 35]
 [36 36 36 ... 35 35 35]]","[ 9.35258290e-02  1.40067835e-01  9.92078505e-01  8.84241916e+00
  9.32775151e-01  6.65321716e+01  3.52296088e+01  3.92349018e+00
  4.06920494e+00  1.34249032e-02  5.75547831e-01 -7.98027559e-01
  9.97701592e-01]",white
frame_64.npy,"[[0 0 0 ... 0 0 0]
 [0 0 0 ... 0 0 0]
 [0 0 0 ... 0 0 0]
 ...
 [0 0 0 ... 0 0 0]
 [0 0 0 ... 0 0 0]
 [0 0 0 ... 0 0 0]]","[[35 35 35 ... 41 41 41]
 [35 35 35 ... 41 41 41]
 [34 34 34 ... 41 41 41]
 ...
 [35 35 36 ... 55 55 55]
 [35 35 35 ... 56 56 56]
 [35 35 36 ... 56 56 56]]","[ 3.82195464e-02  7.73880067e+00  9.96285059e-01  1.04150326e+03
  8.41911198e-01  8.73988901e+01  4.15827423e+03  5.54271209e+00
  6.09960268e+00  2.27236599e-03  1.26260694e+00 -7.29052533e-01
  9.99521125e-01]",white
frame_65.npy,"[[0 0 0 ... 0 0 0]
 [0 0 0 ... 0 0 0]
 [0 0 0 ... 0 0 0]
 ...
 [0 0 0 ... 0 0 0]
 [0 0 0 ... 0 0 0]
 [0 0 0 ... 0 0 0]]","[[34 34 34 ... 37 37 37]
 [34 34 34 ... 37 37 37]
 [34 34 34 ... 37 37 37]
 ...
 [24 24 24 ... 38 38 38]
 [24 24 24 ... 38 38 38]
 [24 24 24 ... 38 38 38]]","[ 3.76121989e-02  9.32158255e+00  9.97294088e-01  1.72228341e+03
  7.92099839e-01  9.32922063e+01  6.87981205e+03  5.82660669e+00
  6.60145910e+00  1.95596935e-03  1.57713216e+00 -6.92307556e-01
  9.99514381e-01]",white
frame_67.npy,"[[  0 255   0 ...   0   0   0]
 [  0 255   0 ...   0   0   0]
 [255   0   0 ...   0   0   0]
 ...
 [  0   0   0 ...   0   0   0]
 [  0   0   0 ...   0   0   0]
 [  0   0   0 ...   0   0   0]]","[[56 40 23 ... 52 53 54]
 [52 37 23 ... 51 53 53]
 [45 34 25 ... 51 52 53]
 ...
 [39 39 39 ... 60 59 59]
 [40 40 39 ... 62 61 61]
 [41 40 40 ... 64 62 62]]","[ 3.09570375e-02  2.40353720e+01  9.76704013e-01  5.15837499e+02
  7.56904352e-01  7.65074786e+01  2.03931463e+03  5.51106051e+00
  6.47462388e+00  1.76667729e-03  1.70407204e+00 -6.00909453e-01
  9.97952752e-01]",white
frame_7.npy,"[[  0   0   0 ...   0   0   0]
 [255 255 255 ...   0   0   0]
 [  0   0   0 ...   0   0   0]
 ...
 [  0 255 255 ...   0   0   0]
 [255 255   0 ...   0   0   0]
 [255   0 255 ...   0   0   0]]","[[ 22  22  22 ...  43  43  42]
 [ 32  32  33 ...  43  42  41]
 [ 44  44  45 ...  42  42  41]
 ...
 [200 172 138 ...  38  37  38]
 [175 150 119 ...  38  38  39]
 [153 131 103 ...  39  39  40]]","[ 2.81180160e-02  1.16889426e+02  9.44968409e-01  1.06361013e+03
  7.04932767e-01  8.83339506e+01  4.13755111e+03  6.09679659e+00
  7.45821608e+00  1.52739856e-03  2.32878970e+00 -5.72352899e-01
  9.98633023e-01]",white
frame_8.npy,"[[0 0 0 ... 0 0 0]
 [0 0 0 ... 0 0 0]
 [0 0 0 ... 0 0 0]
 ...
 [0 0 0 ... 0 0 0]
 [0 0 0 ... 0 0 0]
 [0 0 0 ... 0 0 0]]","[[38 38 38 ... 64 63 62]
 [37 37 37 ... 65 65 64]
 [36 36 36 ... 64 65 66]
 ...
 [36 36 36 ... 78 78 78]
 [37 37 37 ... 82 82 82]
 [38 38 38 ... 84 84 84]]","[ 3.03521367e-02  1.36728278e+01  9.85294707e-01  4.64785291e+02
  7.79480616e-01  7.73436040e+01  1.84546834e+03  5.62722317e+00
  6.44904033e+00  1.87448089e-03  1.54832270e+00 -6.47424966e-01
  9.98887661e-01]",white
frame_9.npy,"[[  0   0   0 ...   0   0   0]
 [255 255 255 ...   0   0   0]
 [  0   0   0 ...   0   0   0]
 ...
 [255   0 255 ...   0   0   0]
 [255   0   0 ...   0   0   0]
 [255   0   0 ...   0   0   0]]","[[25 25 26 ... 58 57 57]
 [36 37 37 ... 56 55 55]
 [48 48 49 ... 54 53 53]
 ...
 [60 54 67 ... 42 42 42]
 [61 56 65 ... 43 43 43]
 [63 57 62 ... 44 44 44]]","[ 3.97034481e-02  5.77251449e+01  9.62275723e-01  7.64912387e+02
  7.31516336e-01  8.03738462e+01  3.00192440e+03  5.51607848e+00
  6.68213419e+00  1.67285530e-03  2.06135608e+00 -5.65469166e-01
  9.97224862e-01]",white
